,datetime,gv_size,non_gv_size,tf_idf_size,f1_score,accuracy,precision,recall,train_size,test_size,TP,FP,TN,FN
0,2018-09-04 00:00:00,646.0,1292.0,3863.0,0.31578947368421056,0.9386792452830188,0.75,0.2,989.0,424.0,392.0,2.0,24.0,6.0
1,2018-09-04 01:00:00,840.0,1680.0,3975.0,0.32,0.9241071428571429,1.0,0.19047619047619047,1043.0,448.0,406.0,0.0,34.0,8.0
2,2018-09-04 02:00:00,814.0,1628.0,3678.0,0.3720930232558139,0.9363207547169812,1.0,0.22857142857142856,989.0,424.0,389.0,0.0,27.0,8.0
3,2018-09-04 03:00:00,688.0,1376.0,3386.0,0.3333333333333333,0.917098445595855,0.6666666666666666,0.2222222222222222,900.0,386.0,346.0,4.0,28.0,8.0
4,2018-09-04 04:00:00,421.0,842.0,3077.0,0.0,0.9464285714285714,0.0,0.0,784.0,336.0,318.0,2.0,16.0,0.0
5,2018-09-04 05:00:00,320.0,640.0,2613.0,0.2222222222222222,0.946969696969697,0.4,0.15384615384615385,616.0,264.0,248.0,3.0,11.0,2.0
6,2018-09-04 06:00:00,224.0,448.0,2559.0,0.33333333333333337,0.9693486590038314,1.0,0.2,608.0,261.0,251.0,0.0,8.0,2.0
7,2018-09-04 07:00:00,148.0,296.0,2612.0,0.36363636363636365,0.9714285714285714,0.6666666666666666,0.25,571.0,245.0,236.0,1.0,6.0,2.0
8,2018-09-04 08:00:00,114.0,228.0,2454.0,0.5,0.9817351598173516,1.0,0.3333333333333333,509.0,219.0,213.0,0.0,4.0,2.0
9,2018-09-04 09:00:00,149.0,298.0,2602.0,0.13333333333333333,0.9453781512605042,1.0,0.07142857142857142,553.0,238.0,224.0,0.0,13.0,1.0
10,2018-09-04 10:00:00,218.0,436.0,2883.0,0.37037037037037035,0.9403508771929825,0.8333333333333334,0.23809523809523808,665.0,285.0,263.0,1.0,16.0,5.0
11,2018-09-04 11:00:00,338.0,676.0,3322.0,0.30303030303030304,0.9305135951661632,1.0,0.17857142857142858,772.0,331.0,303.0,0.0,23.0,5.0
12,2018-09-04 12:00:00,854.0,1708.0,3787.0,0.6153846153846155,0.9262899262899262,0.9230769230769231,0.46153846153846156,947.0,407.0,353.0,2.0,28.0,24.0
13,2018-09-04 13:00:00,1158.0,2316.0,4190.0,0.43243243243243246,0.9100642398286938,0.7272727272727273,0.3076923076923077,1089.0,467.0,409.0,6.0,36.0,16.0
14,2018-09-04 14:00:00,870.0,1740.0,4445.0,0.5000000000000001,0.9366336633663367,0.6956521739130435,0.3902439024390244,1178.0,505.0,457.0,7.0,25.0,16.0
15,2018-09-04 15:00:00,992.0,1984.0,4852.0,0.611111111111111,0.9230769230769231,0.8918918918918919,0.4647887323943662,1271.0,546.0,471.0,4.0,38.0,33.0
16,2018-09-04 16:00:00,802.0,1604.0,4682.0,0.38709677419354843,0.8922495274102079,0.72,0.2647058823529412,1232.0,529.0,454.0,7.0,50.0,18.0
17,2018-09-04 17:00:00,29299.0,58598.0,6404.0,0.8894052044609666,0.8377641445126107,0.8402107111501317,0.9447186574531096,3422.0,1467.0,272.0,182.0,56.0,957.0
18,2018-09-04 18:00:00,28584.0,57168.0,6148.0,0.8558786346396966,0.8093645484949833,0.8002364066193853,0.9198369565217391,2789.0,1196.0,291.0,169.0,59.0,677.0
19,2018-09-04 19:00:00,21618.0,43236.0,5820.0,0.7888086642599278,0.765295887662989,0.7211221122112211,0.8705179282868526,2325.0,997.0,326.0,169.0,65.0,437.0
20,2018-09-04 20:00:00,16316.0,32632.0,5603.0,0.7946859903381641,0.7995283018867925,0.7833333333333333,0.8063725490196079,1978.0,848.0,349.0,91.0,79.0,329.0
21,2018-09-04 21:00:00,14085.0,28170.0,5397.0,0.789825970548862,0.807361963190184,0.7908847184986595,0.7887700534759359,1900.0,815.0,363.0,78.0,79.0,295.0
22,2018-09-04 22:00:00,11922.0,23844.0,5285.0,0.7622841965471447,0.7756892230576441,0.7592592592592593,0.7653333333333333,1861.0,798.0,332.0,91.0,88.0,287.0
23,2018-09-04 23:00:00,10865.0,21730.0,5009.0,0.7681940700808626,0.777490297542044,0.7744565217391305,0.7620320855614974,1803.0,773.0,316.0,83.0,89.0,285.0
24,2018-09-05 00:00:00,10644.0,21288.0,5236.0,0.7081604426002767,0.7175368139223561,0.6937669376693767,0.7231638418079096,1742.0,747.0,280.0,113.0,98.0,256.0
25,2018-09-05 01:00:00,10342.0,20684.0,5115.0,0.7364975450081833,0.7797537619699042,0.8035714285714286,0.6797583081570997,1705.0,731.0,345.0,55.0,106.0,225.0
26,2018-09-05 02:00:00,10333.0,20666.0,4949.0,0.7050092764378479,0.7735042735042735,0.6666666666666666,0.7480314960629921,1636.0,702.0,353.0,95.0,64.0,190.0
27,2018-09-05 03:00:00,8996.0,17992.0,4515.0,0.7294685990338164,0.8205128205128205,0.7823834196891192,0.6832579185520362,1454.0,624.0,361.0,42.0,70.0,151.0
28,2018-09-05 04:00:00,5570.0,11140.0,3712.0,0.6168224299065421,0.8114942528735632,0.7951807228915663,0.5038167938931297,1012.0,435.0,287.0,17.0,65.0,66.0
29,2018-09-05 05:00:00,3857.0,7714.0,3254.0,0.7096774193548386,0.8540540540540541,0.8148148148148148,0.6285714285714286,863.0,370.0,250.0,15.0,39.0,66.0
30,2018-09-05 06:00:00,2755.0,5510.0,3108.0,0.6842105263157895,0.8819672131147541,0.78,0.609375,711.0,305.0,230.0,11.0,25.0,39.0
31,2018-09-05 07:00:00,1978.0,3956.0,3365.0,0.5,0.8481012658227848,0.8275862068965517,0.3582089552238806,736.0,316.0,244.0,5.0,43.0,24.0
32,2018-09-05 08:00:00,1609.0,3218.0,2714.0,0.3928571428571429,0.8671875,0.9166666666666666,0.25,596.0,256.0,211.0,1.0,33.0,11.0
33,2018-09-05 09:00:00,2213.0,4426.0,3020.0,0.43478260869565216,0.8682432432432432,0.7142857142857143,0.3125,690.0,296.0,242.0,6.0,33.0,15.0
34,2018-09-05 10:00:00,3045.0,6090.0,3251.0,0.6060606060606061,0.8466076696165191,0.7142857142857143,0.5263157894736842,789.0,339.0,247.0,16.0,36.0,40.0
35,2018-09-05 11:00:00,4433.0,8866.0,3981.0,0.6261682242990655,0.816933638443936,0.788235294117647,0.5193798449612403,1018.0,437.0,290.0,18.0,62.0,67.0
36,2018-09-05 12:00:00,5673.0,11346.0,4443.0,0.6666666666666666,0.8294573643410853,0.7457627118644068,0.6027397260273972,1204.0,516.0,340.0,30.0,58.0,88.0
37,2018-09-05 13:00:00,5386.0,10772.0,4857.0,0.6558441558441558,0.8215488215488216,0.6824324324324325,0.63125,1384.0,594.0,387.0,47.0,59.0,101.0
38,2018-09-05 14:00:00,6298.0,12596.0,5375.0,0.7184035476718404,0.8121301775147929,0.8059701492537313,0.648,1576.0,676.0,387.0,39.0,88.0,162.0
39,2018-09-05 15:00:00,6247.0,12494.0,5332.0,0.7100271002710028,0.8410104011887073,0.7891566265060241,0.645320197044335,1569.0,673.0,435.0,35.0,72.0,131.0
40,2018-09-05 16:00:00,5529.0,11058.0,5404.0,0.6489675516224189,0.8213213213213213,0.738255033557047,0.5789473684210527,1551.0,666.0,437.0,39.0,80.0,110.0
41,2018-09-05 17:00:00,4242.0,8484.0,4984.0,0.6516853932584268,0.8423728813559322,0.75,0.5761589403973509,1375.0,590.0,410.0,29.0,64.0,87.0
42,2018-09-05 18:00:00,3923.0,7846.0,4835.0,0.632,0.8438030560271647,0.8061224489795918,0.5197368421052632,1373.0,589.0,418.0,19.0,73.0,79.0
43,2018-09-05 19:00:00,3123.0,6246.0,4752.0,0.6,0.8637992831541219,0.7402597402597403,0.504424778761062,1302.0,558.0,425.0,20.0,56.0,57.0
44,2018-09-05 20:00:00,3270.0,6540.0,4759.0,0.6310679611650486,0.8673647469458988,0.7303370786516854,0.5555555555555556,1335.0,573.0,432.0,24.0,52.0,65.0
45,2018-09-05 21:00:00,2819.0,5638.0,4654.0,0.5524861878453039,0.8521897810218978,0.684931506849315,0.46296296296296297,1278.0,548.0,417.0,23.0,58.0,50.0
46,2018-09-05 22:00:00,2850.0,5700.0,4382.0,0.6091370558375635,0.8501945525291829,0.7317073170731707,0.5217391304347826,1199.0,514.0,377.0,22.0,55.0,60.0
47,2018-09-05 23:00:00,2526.0,5052.0,4252.0,0.5205479452054795,0.8577235772357723,0.76,0.3958333333333333,1148.0,492.0,384.0,12.0,58.0,38.0
48,2018-09-06 00:00:00,2533.0,5066.0,4141.0,0.5033112582781456,0.85,0.6666666666666666,0.40425531914893614,1166.0,500.0,387.0,19.0,56.0,38.0
49,2018-09-06 01:00:00,2730.0,5460.0,4099.0,0.3974358974358974,0.8041666666666667,0.7045454545454546,0.2767857142857143,1118.0,480.0,355.0,13.0,81.0,31.0
50,2018-09-06 02:00:00,2222.0,4444.0,3976.0,0.5252525252525253,0.8978260869565218,0.7647058823529411,0.4,1072.0,460.0,387.0,8.0,39.0,26.0
51,2018-09-06 03:00:00,1747.0,3494.0,3582.0,0.5116279069767441,0.8983050847457628,0.7096774193548387,0.4,961.0,413.0,349.0,9.0,33.0,22.0
52,2018-09-06 04:00:00,1161.0,2322.0,3386.0,0.36363636363636365,0.9019607843137255,0.6666666666666666,0.25,833.0,357.0,312.0,5.0,30.0,10.0
53,2018-09-06 05:00:00,799.0,1598.0,2868.0,0.2758620689655173,0.928082191780822,1.0,0.16,680.0,292.0,267.0,0.0,21.0,4.0
54,2018-09-06 06:00:00,502.0,1004.0,2890.0,0.30769230769230765,0.933579335793358,0.6666666666666666,0.2,630.0,271.0,249.0,2.0,16.0,4.0
55,2018-09-06 07:00:00,387.0,774.0,2761.0,0.19999999999999998,0.9372549019607843,1.0,0.1111111111111111,593.0,255.0,237.0,0.0,16.0,2.0
56,2018-09-06 08:00:00,397.0,794.0,2565.0,0.125,0.9433198380566802,1.0,0.06666666666666667,574.0,247.0,232.0,0.0,14.0,1.0
57,2018-09-06 09:00:00,345.0,690.0,2604.0,0.5882352941176471,0.9704641350210971,0.8333333333333334,0.45454545454545453,550.0,237.0,225.0,1.0,6.0,5.0
58,2018-09-06 10:00:00,564.0,1128.0,3033.0,0.5853658536585367,0.9401408450704225,0.8,0.46153846153846156,662.0,284.0,255.0,3.0,14.0,12.0
59,2018-09-06 11:00:00,1150.0,2300.0,3572.0,0.651685393258427,0.9155313351498637,0.8787878787878788,0.5178571428571429,856.0,367.0,307.0,4.0,27.0,29.0
60,2018-09-06 12:00:00,1040.0,2080.0,3922.0,0.5060240963855421,0.9007263922518159,0.84,0.3620689655172414,962.0,413.0,351.0,4.0,37.0,21.0
61,2018-09-06 13:00:00,1258.0,2516.0,4403.0,0.5405405405405406,0.8642714570858283,0.7407407407407407,0.425531914893617,1168.0,501.0,393.0,14.0,54.0,40.0
62,2018-09-06 14:00:00,2318.0,4636.0,4811.0,0.6396396396396397,0.8598949211908932,0.8255813953488372,0.5220588235294118,1331.0,571.0,420.0,15.0,65.0,71.0
63,2018-09-06 15:00:00,2260.0,4520.0,5161.0,0.6037735849056604,0.8361934477379095,0.6779661016949152,0.54421768707483,1494.0,641.0,456.0,38.0,67.0,80.0
64,2018-09-06 16:00:00,2230.0,4460.0,4936.0,0.64,0.8507462686567164,0.6837606837606838,0.6015037593984962,1407.0,603.0,433.0,37.0,53.0,80.0
65,2018-09-06 17:00:00,2206.0,4412.0,4856.0,0.6008968609865472,0.8424778761061947,0.6504854368932039,0.5583333333333333,1317.0,565.0,409.0,36.0,53.0,67.0
66,2018-09-06 18:00:00,1797.0,3594.0,4672.0,0.5095541401273885,0.8568773234200744,0.6153846153846154,0.43478260869565216,1254.0,538.0,421.0,25.0,52.0,40.0
67,2018-09-06 19:00:00,1616.0,3232.0,4677.0,0.536231884057971,0.8834244080145719,0.6851851851851852,0.44047619047619047,1281.0,549.0,448.0,17.0,47.0,37.0
68,2018-09-06 20:00:00,1966.0,3932.0,4736.0,0.5497076023391813,0.8612612612612612,0.7580645161290323,0.43119266055045874,1295.0,555.0,431.0,15.0,62.0,47.0
69,2018-09-06 21:00:00,1791.0,3582.0,4368.0,0.4444444444444445,0.8574144486692015,0.6521739130434783,0.33707865168539325,1227.0,526.0,421.0,16.0,59.0,30.0
70,2018-09-06 22:00:00,1446.0,2892.0,4229.0,0.459016393442623,0.8625,0.6511627906976745,0.35443037974683544,1117.0,480.0,386.0,15.0,51.0,28.0
71,2018-09-06 23:00:00,1832.0,3664.0,4014.0,0.5203252032520325,0.8736616702355461,0.8205128205128205,0.38095238095238093,1087.0,467.0,376.0,7.0,52.0,32.0
72,2018-09-07 00:00:00,2621.0,5242.0,4155.0,0.5,0.8409542743538767,0.7017543859649122,0.3883495145631068,1171.0,503.0,383.0,17.0,63.0,40.0
73,2018-09-07 01:00:00,2475.0,4950.0,4085.0,0.5384615384615385,0.8585461689587426,0.7241379310344828,0.42857142857142855,1185.0,509.0,395.0,16.0,56.0,42.0
74,2018-09-07 02:00:00,2619.0,5238.0,3932.0,0.382608695652174,0.8530020703933747,0.6875,0.26506024096385544,1125.0,483.0,390.0,10.0,61.0,22.0
75,2018-09-07 03:00:00,1845.0,3690.0,3734.0,0.41860465116279066,0.8863636363636364,0.6,0.32142857142857145,1024.0,440.0,372.0,12.0,38.0,18.0
76,2018-09-07 04:00:00,1150.0,2300.0,3225.0,0.3103448275862069,0.8941798941798942,0.5,0.225,880.0,378.0,329.0,9.0,31.0,9.0
77,2018-09-07 05:00:00,744.0,1488.0,2918.0,0.06451612903225806,0.9039735099337748,0.2,0.038461538461538464,704.0,302.0,272.0,4.0,25.0,1.0
78,2018-09-07 06:00:00,542.0,1084.0,2709.0,0.16,0.9263157894736842,0.5,0.09523809523809523,663.0,285.0,262.0,2.0,19.0,2.0
79,2018-09-07 07:00:00,308.0,616.0,2744.0,0.09999999999999999,0.9310344827586207,0.5,0.05555555555555555,607.0,261.0,242.0,1.0,17.0,1.0
80,2018-09-07 08:00:00,300.0,600.0,2535.0,0.2222222222222222,0.940677966101695,1.0,0.125,548.0,236.0,220.0,0.0,14.0,2.0
81,2018-09-07 09:00:00,341.0,682.0,2784.0,0.3,0.9465648854961832,1.0,0.17647058823529413,610.0,262.0,245.0,0.0,14.0,3.0
82,2018-09-07 10:00:00,506.0,1012.0,2965.0,0.4117647058823529,0.927797833935018,1.0,0.25925925925925924,644.0,277.0,250.0,0.0,20.0,7.0
83,2018-09-07 11:00:00,875.0,1750.0,3392.0,0.37735849056603776,0.9051724137931034,1.0,0.23255813953488372,811.0,348.0,305.0,0.0,33.0,10.0
84,2018-09-07 12:00:00,1131.0,2262.0,3712.0,0.3384615384615385,0.8948655256723717,0.7333333333333333,0.22,953.0,409.0,355.0,4.0,39.0,11.0
85,2018-09-07 13:00:00,1222.0,2444.0,4209.0,0.3611111111111111,0.9035639412997903,0.8666666666666667,0.22807017543859648,1113.0,477.0,418.0,2.0,44.0,13.0
86,2018-09-07 14:00:00,1539.0,3078.0,4383.0,0.5081967213114754,0.8744769874476988,0.775,0.3780487804878049,1115.0,478.0,387.0,9.0,51.0,31.0
87,2018-09-07 15:00:00,1914.0,3828.0,4712.0,0.4521739130434782,0.8813559322033898,0.7027027027027027,0.3333333333333333,1236.0,531.0,442.0,11.0,52.0,26.0
88,2018-09-07 16:00:00,1488.0,2976.0,4570.0,0.4235294117647059,0.9066666666666666,0.5454545454545454,0.34615384615384615,1225.0,525.0,458.0,15.0,34.0,18.0
89,2018-09-07 17:00:00,1457.0,2914.0,4671.0,0.544,0.8942486085343229,0.918918918918919,0.38636363636363635,1255.0,539.0,448.0,3.0,54.0,34.0
90,2018-09-07 18:00:00,1626.0,3252.0,4511.0,0.4285714285714286,0.8625954198473282,0.6428571428571429,0.32142857142857145,1221.0,524.0,425.0,15.0,57.0,27.0
91,2018-09-07 19:00:00,2769.0,5538.0,4692.0,0.6216216216216217,0.8481012658227848,0.71875,0.5476190476190477,1290.0,553.0,400.0,27.0,57.0,69.0
92,2018-09-07 20:00:00,2172.0,4344.0,4740.0,0.49397590361445787,0.874439461883408,0.6029411764705882,0.41836734693877553,1559.0,669.0,544.0,27.0,57.0,41.0
93,2018-09-07 21:00:00,1830.0,3660.0,4551.0,0.42953020134228187,0.8659305993690851,0.6274509803921569,0.32653061224489793,1477.0,634.0,517.0,19.0,66.0,32.0
94,2018-09-07 22:00:00,1447.0,2894.0,3939.0,0.4672897196261682,0.88125,0.7142857142857143,0.3472222222222222,1117.0,480.0,398.0,10.0,47.0,25.0
95,2018-09-07 23:00:00,1380.0,2760.0,3759.0,0.425,0.8940092165898618,0.7083333333333334,0.30357142857142855,1011.0,434.0,371.0,7.0,39.0,17.0
96,2018-09-08 00:00:00,1421.0,2842.0,3655.0,0.45945945945945943,0.9074074074074074,0.7727272727272727,0.3269230769230769,1005.0,432.0,375.0,5.0,35.0,17.0
97,2018-09-08 01:00:00,1746.0,3492.0,4001.0,0.44859813084112155,0.869757174392936,0.6666666666666666,0.3380281690140845,1056.0,453.0,370.0,12.0,47.0,24.0
98,2018-09-08 02:00:00,1607.0,3214.0,3683.0,0.4761904761904762,0.8932038834951457,0.625,0.38461538461538464,961.0,412.0,348.0,12.0,32.0,20.0
99,2018-09-08 03:00:00,1078.0,2156.0,3264.0,0.30508474576271183,0.8897849462365591,0.5294117647058824,0.21428571428571427,866.0,372.0,322.0,8.0,33.0,9.0
100,2018-09-08 04:00:00,775.0,1550.0,3061.0,0.3,0.9171597633136095,0.6,0.2,786.0,338.0,304.0,4.0,24.0,6.0
101,2018-09-08 05:00:00,620.0,1240.0,2858.0,0.4285714285714286,0.9175257731958762,0.6923076923076923,0.3103448275862069,678.0,291.0,258.0,4.0,20.0,9.0
102,2018-09-08 06:00:00,501.0,1002.0,2682.0,0.13793103448275862,0.9084249084249084,0.4,0.08333333333333333,636.0,273.0,246.0,3.0,22.0,2.0
103,2018-09-08 07:00:00,433.0,866.0,2673.0,0.3076923076923077,0.9302325581395349,0.8,0.19047619047619047,601.0,258.0,236.0,1.0,17.0,4.0
104,2018-09-08 08:00:00,240.0,480.0,2430.0,0.3333333333333333,0.9647577092511013,0.6666666666666666,0.2222222222222222,529.0,227.0,217.0,1.0,7.0,2.0
105,2018-09-08 09:00:00,253.0,506.0,2671.0,0.0,0.95703125,0.0,0.0,596.0,256.0,245.0,1.0,10.0,0.0
106,2018-09-08 10:00:00,307.0,614.0,2715.0,0.3529411764705882,0.9575289575289575,0.75,0.23076923076923078,602.0,259.0,245.0,1.0,10.0,3.0
107,2018-09-08 11:00:00,461.0,922.0,2993.0,0.5116279069767441,0.93,0.7857142857142857,0.3793103448275862,697.0,300.0,268.0,3.0,18.0,11.0
108,2018-09-08 12:00:00,622.0,1244.0,3299.0,0.4285714285714285,0.9132791327913279,0.75,0.3,858.0,369.0,325.0,4.0,28.0,12.0
109,2018-09-08 13:00:00,797.0,1594.0,3931.0,0.5609756097560975,0.9176201372997712,0.7666666666666667,0.4423076923076923,1019.0,437.0,378.0,7.0,29.0,23.0
110,2018-09-08 14:00:00,820.0,1640.0,4130.0,0.5,0.9290465631929047,0.7619047619047619,0.37209302325581395,1052.0,451.0,403.0,5.0,27.0,16.0
111,2018-09-08 15:00:00,1172.0,2344.0,4296.0,0.49438202247191015,0.9072164948453608,0.7333333333333333,0.3728813559322034,1129.0,485.0,418.0,8.0,37.0,22.0
112,2018-09-08 16:00:00,825.0,1650.0,4287.0,0.575,0.9284210526315789,0.8214285714285714,0.4423076923076923,1108.0,475.0,418.0,5.0,29.0,23.0
113,2018-09-08 17:00:00,778.0,1556.0,4338.0,0.4657534246575342,0.9194214876033058,0.6296296296296297,0.3695652173913043,1127.0,484.0,428.0,10.0,29.0,17.0
114,2018-09-08 18:00:00,1126.0,2252.0,4145.0,0.4691358024691357,0.9079229122055674,0.9047619047619048,0.31666666666666665,1089.0,467.0,405.0,2.0,41.0,19.0
115,2018-09-08 19:00:00,1133.0,2266.0,4429.0,0.48543689320388345,0.8933601609657947,0.7575757575757576,0.35714285714285715,1158.0,497.0,419.0,8.0,45.0,25.0
116,2018-09-08 20:00:00,706.0,1412.0,3988.0,0.46666666666666673,0.9290465631929047,0.7368421052631579,0.34146341463414637,1050.0,451.0,405.0,5.0,27.0,14.0
117,2018-09-08 21:00:00,550.0,1100.0,3852.0,0.2641509433962264,0.9123595505617977,0.7777777777777778,0.1590909090909091,1038.0,445.0,399.0,2.0,37.0,7.0
118,2018-09-08 22:00:00,621.0,1242.0,3916.0,0.3529411764705882,0.9237875288683602,0.75,0.23076923076923078,1010.0,433.0,391.0,3.0,30.0,9.0
119,2018-09-08 23:00:00,596.0,1192.0,3566.0,0.24999999999999997,0.9090909090909091,0.75,0.15,923.0,396.0,354.0,2.0,34.0,6.0
120,2018-09-09 00:00:00,459.0,918.0,3251.0,0.2857142857142857,0.946236559139785,1.0,0.16666666666666666,865.0,372.0,348.0,0.0,20.0,4.0
121,2018-09-09 01:00:00,461.0,922.0,3510.0,0.15384615384615385,0.9164556962025316,0.6,0.08823529411764706,919.0,395.0,359.0,2.0,31.0,3.0
122,2018-09-09 02:00:00,415.0,830.0,3463.0,0.3529411764705882,0.9448621553884712,0.75,0.23076923076923078,931.0,399.0,371.0,2.0,20.0,6.0
123,2018-09-09 03:00:00,489.0,978.0,3367.0,0.20689655172413793,0.9391534391534392,0.6,0.125,880.0,378.0,352.0,2.0,21.0,3.0
124,2018-09-09 04:00:00,264.0,528.0,3053.0,0.125,0.9608938547486033,0.5,0.07142857142857142,833.0,358.0,343.0,1.0,13.0,1.0
125,2018-09-09 05:00:00,214.0,428.0,2664.0,0.17391304347826084,0.9351535836177475,1.0,0.09523809523809523,682.0,293.0,272.0,0.0,19.0,2.0
126,2018-09-09 06:00:00,148.0,296.0,2613.0,0.0,0.9702602230483272,0.0,0.0,626.0,269.0,261.0,0.0,8.0,0.0
127,2018-09-09 07:00:00,113.0,226.0,2519.0,0.4,0.9878048780487805,1.0,0.25,571.0,246.0,242.0,0.0,3.0,1.0
128,2018-09-09 08:00:00,87.0,174.0,2463.0,0.0,0.9817351598173516,0.0,0.0,508.0,219.0,215.0,0.0,4.0,0.0
129,2018-09-09 09:00:00,82.0,164.0,2180.0,0.0,0.9951690821256038,0.0,0.0,481.0,207.0,206.0,0.0,1.0,0.0
130,2018-09-09 10:00:00,111.0,222.0,2327.0,0.5333333333333333,0.9695652173913043,1.0,0.36363636363636365,534.0,230.0,219.0,0.0,7.0,4.0
131,2018-09-09 11:00:00,178.0,356.0,2844.0,0.14285714285714288,0.9571428571428572,1.0,0.07692307692307693,652.0,280.0,267.0,0.0,12.0,1.0
132,2018-09-09 12:00:00,400.0,800.0,3175.0,0.5,0.9498432601880877,0.8888888888888888,0.34782608695652173,744.0,319.0,295.0,1.0,15.0,8.0
133,2018-09-09 13:00:00,481.0,962.0,3761.0,0.3902439024390244,0.9373433583959899,0.6666666666666666,0.27586206896551724,928.0,399.0,366.0,4.0,21.0,8.0
134,2018-09-09 14:00:00,548.0,1096.0,4126.0,0.509090909090909,0.9409190371991247,0.8235294117647058,0.3684210526315789,1064.0,457.0,416.0,3.0,24.0,14.0
135,2018-09-09 15:00:00,432.0,864.0,4080.0,0.40816326530612246,0.9358407079646017,0.6666666666666666,0.29411764705882354,1054.0,452.0,413.0,5.0,24.0,10.0
136,2018-09-09 16:00:00,566.0,1132.0,4312.0,0.3333333333333333,0.9245283018867925,0.6923076923076923,0.21951219512195122,1113.0,477.0,432.0,4.0,32.0,9.0
137,2018-09-09 17:00:00,653.0,1306.0,4265.0,0.732394366197183,0.9316546762589928,0.9629629629629629,0.5909090909090909,1296.0,556.0,466.0,2.0,36.0,52.0
138,2018-09-09 18:00:00,511.0,1022.0,4132.0,0.6590909090909092,0.9411764705882353,0.9354838709677419,0.5087719298245614,1188.0,510.0,451.0,2.0,28.0,29.0
139,2018-09-09 19:00:00,671.0,1342.0,4312.0,0.48484848484848486,0.9330708661417323,0.8888888888888888,0.3333333333333333,1185.0,508.0,458.0,2.0,32.0,16.0
140,2018-09-09 20:00:00,691.0,1382.0,4208.0,0.4615384615384615,0.9457364341085271,0.9230769230769231,0.3076923076923077,1202.0,516.0,476.0,1.0,27.0,12.0
141,2018-09-09 21:00:00,650.0,1300.0,4063.0,0.6181818181818183,0.9557894736842105,0.85,0.4857142857142857,1107.0,475.0,437.0,3.0,18.0,17.0
142,2018-09-09 22:00:00,773.0,1546.0,3781.0,0.7222222222222223,0.9363057324840764,0.9285714285714286,0.5909090909090909,1099.0,471.0,402.0,3.0,27.0,39.0
143,2018-09-09 23:00:00,744.0,1488.0,3743.0,0.5714285714285714,0.9093023255813953,0.8125,0.4406779661016949,1001.0,430.0,365.0,6.0,33.0,26.0
144,2018-09-10 00:00:00,1291.0,2582.0,3765.0,0.5106382978723405,0.8984547461368654,0.8275862068965517,0.36923076923076925,1054.0,453.0,383.0,5.0,41.0,24.0
145,2018-09-10 01:00:00,1166.0,2332.0,3895.0,0.45945945945945943,0.9150743099787686,0.8095238095238095,0.32075471698113206,1099.0,471.0,414.0,4.0,36.0,17.0
146,2018-09-10 02:00:00,1244.0,2488.0,3553.0,0.5625,0.9330143540669856,0.782608695652174,0.43902439024390244,974.0,418.0,372.0,5.0,23.0,18.0
147,2018-09-10 03:00:00,960.0,1920.0,3508.0,0.6037735849056604,0.9519450800915332,0.9411764705882353,0.4444444444444444,1018.0,437.0,400.0,1.0,20.0,16.0
148,2018-09-10 04:00:00,689.0,1378.0,3105.0,0.5365853658536585,0.9449275362318841,0.8461538461538461,0.39285714285714285,802.0,345.0,315.0,2.0,17.0,11.0
149,2018-09-10 05:00:00,409.0,818.0,2703.0,0.375,0.9651567944250871,0.75,0.25,668.0,287.0,274.0,1.0,9.0,3.0
150,2018-09-10 06:00:00,323.0,646.0,2408.0,0.5454545454545454,0.9603174603174603,1.0,0.375,588.0,252.0,236.0,0.0,10.0,6.0
151,2018-09-10 07:00:00,246.0,492.0,2558.0,0.47619047619047616,0.9558232931726908,1.0,0.3125,580.0,249.0,233.0,0.0,11.0,5.0
152,2018-09-10 08:00:00,180.0,360.0,2447.0,0.5,0.9631336405529954,1.0,0.3333333333333333,504.0,217.0,205.0,0.0,8.0,4.0
153,2018-09-10 09:00:00,236.0,472.0,2470.0,0.47058823529411764,0.9594594594594594,1.0,0.3076923076923077,518.0,222.0,209.0,0.0,9.0,4.0
154,2018-09-10 10:00:00,479.0,958.0,2684.0,0.8260869565217391,0.9701492537313433,1.0,0.7037037037037037,623.0,268.0,241.0,0.0,8.0,19.0
155,2018-09-10 11:00:00,547.0,1094.0,3152.0,0.5581395348837208,0.940809968847352,0.8571428571428571,0.41379310344827586,749.0,321.0,290.0,2.0,17.0,12.0
156,2018-09-10 12:00:00,783.0,1566.0,3497.0,0.6329113924050632,0.9292682926829269,1.0,0.46296296296296297,954.0,410.0,356.0,0.0,29.0,25.0
157,2018-09-10 13:00:00,741.0,1482.0,4092.0,0.6666666666666667,0.95,0.7586206896551724,0.5945945945945946,1024.0,440.0,396.0,7.0,15.0,22.0
158,2018-09-10 14:00:00,1023.0,2046.0,4241.0,0.5121951219512195,0.9154334038054969,0.9545454545454546,0.35,1103.0,473.0,412.0,1.0,39.0,21.0
159,2018-09-10 15:00:00,819.0,1638.0,4293.0,0.6329113924050633,0.9398340248962656,0.9259259259259259,0.4807692307692308,1123.0,482.0,428.0,2.0,27.0,25.0
160,2018-09-10 16:00:00,953.0,1906.0,4310.0,0.611764705882353,0.931958762886598,0.896551724137931,0.4642857142857143,1131.0,485.0,426.0,3.0,30.0,26.0
161,2018-09-10 17:00:00,698.0,1396.0,4435.0,0.3720930232558139,0.9430379746835443,1.0,0.22857142857142856,1105.0,474.0,439.0,0.0,27.0,8.0
162,2018-09-10 18:00:00,619.0,1238.0,4370.0,0.4363636363636364,0.937246963562753,0.631578947368421,0.3333333333333333,1151.0,494.0,451.0,7.0,24.0,12.0
163,2018-09-10 19:00:00,898.0,1796.0,4589.0,0.4347826086956521,0.9258555133079848,0.7894736842105263,0.3,1226.0,526.0,472.0,4.0,35.0,15.0
164,2018-09-10 20:00:00,761.0,1522.0,4430.0,0.32,0.9325396825396826,1.0,0.19047619047619047,1176.0,504.0,462.0,0.0,34.0,8.0
165,2018-09-10 21:00:00,2650.0,5300.0,4437.0,0.5806451612903225,0.947261663286004,0.8571428571428571,0.43902439024390244,1148.0,493.0,449.0,3.0,23.0,18.0
166,2018-09-10 22:00:00,3129.0,6258.0,4029.0,0.6067415730337079,0.9232456140350878,0.8181818181818182,0.48214285714285715,1061.0,456.0,394.0,6.0,29.0,27.0
167,2018-09-10 23:00:00,2864.0,5728.0,4239.0,0.6972477064220184,0.930672268907563,0.8636363636363636,0.5846153846153846,1110.0,476.0,405.0,6.0,27.0,38.0
168,2018-09-11 00:00:00,2498.0,4996.0,3952.0,0.4516129032258065,0.89171974522293,0.8076923076923077,0.31343283582089554,1099.0,471.0,399.0,5.0,46.0,21.0
169,2018-09-11 01:00:00,1976.0,3952.0,3945.0,0.5070422535211269,0.9252136752136753,0.9,0.35294117647058826,1091.0,468.0,415.0,2.0,33.0,18.0
170,2018-09-11 02:00:00,1707.0,3414.0,3779.0,0.59375,0.945031712473573,0.95,0.4318181818181818,1102.0,473.0,428.0,1.0,25.0,19.0
171,2018-09-11 03:00:00,1294.0,2588.0,3469.0,0.3255813953488372,0.9265822784810127,0.7777777777777778,0.20588235294117646,919.0,395.0,359.0,2.0,27.0,7.0
172,2018-09-11 04:00:00,914.0,1828.0,3179.0,0.375,0.9420289855072463,1.0,0.23076923076923078,804.0,345.0,319.0,0.0,20.0,6.0
173,2018-09-11 05:00:00,609.0,1218.0,2805.0,0.56,0.9621993127147767,1.0,0.3888888888888889,679.0,291.0,273.0,0.0,11.0,7.0
174,2018-09-11 06:00:00,402.0,804.0,2632.0,0.0,0.963265306122449,0.0,0.0,570.0,245.0,236.0,0.0,9.0,0.0
175,2018-09-11 07:00:00,324.0,648.0,2685.0,0.5454545454545454,0.9799196787148594,1.0,0.375,580.0,249.0,241.0,0.0,5.0,3.0
176,2018-09-11 08:00:00,276.0,552.0,2278.0,0.761904761904762,0.9767441860465116,1.0,0.6153846153846154,499.0,215.0,202.0,0.0,5.0,8.0
177,2018-09-11 09:00:00,376.0,752.0,2536.0,0.25,0.9732142857142857,1.0,0.14285714285714285,520.0,224.0,217.0,0.0,6.0,1.0
178,2018-09-11 10:00:00,587.0,1174.0,2910.0,0.5161290322580645,0.9460431654676259,1.0,0.34782608695652173,647.0,278.0,255.0,0.0,15.0,8.0
179,2018-09-11 11:00:00,751.0,1502.0,3245.0,0.3255813953488372,0.9161849710982659,0.7777777777777778,0.20588235294117646,807.0,346.0,310.0,2.0,27.0,7.0
180,2018-09-11 12:00:00,901.0,1802.0,3856.0,0.625,0.9264705882352942,0.8333333333333334,0.5,950.0,408.0,353.0,5.0,25.0,25.0
181,2018-09-11 13:00:00,912.0,1824.0,3913.0,0.4482758620689655,0.9259259259259259,0.8125,0.30952380952380953,1005.0,432.0,387.0,3.0,29.0,13.0
182,2018-09-11 14:00:00,917.0,1834.0,4218.0,0.4333333333333333,0.9298969072164949,0.7647058823529411,0.3023255813953488,1131.0,485.0,438.0,4.0,30.0,13.0
183,2018-09-11 15:00:00,887.0,1774.0,4630.0,0.8181818181818183,0.9429590017825312,0.972972972972973,0.7058823529411765,1306.0,561.0,457.0,2.0,30.0,72.0
184,2018-09-11 16:00:00,778.0,1556.0,4677.0,0.47058823529411764,0.9314285714285714,0.8888888888888888,0.32,1223.0,525.0,473.0,2.0,34.0,16.0
185,2018-09-11 17:00:00,749.0,1498.0,4450.0,0.6153846153846154,0.9519230769230769,0.8,0.5,1211.0,520.0,475.0,5.0,20.0,20.0
186,2018-09-11 18:00:00,675.0,1350.0,4462.0,0.5294117647058824,0.9354838709677419,0.8181818181818182,0.391304347826087,1155.0,496.0,446.0,4.0,28.0,18.0
187,2018-09-11 19:00:00,628.0,1256.0,4355.0,0.4313725490196079,0.9402061855670103,0.8461538461538461,0.2894736842105263,1129.0,485.0,445.0,2.0,27.0,11.0
188,2018-09-11 20:00:00,635.0,1270.0,4459.0,0.417910447761194,0.919917864476386,0.8235294117647058,0.28,1136.0,487.0,434.0,3.0,36.0,14.0
189,2018-09-11 21:00:00,713.0,1426.0,4267.0,0.411764705882353,0.9157894736842105,0.875,0.2692307692307692,1108.0,475.0,421.0,2.0,38.0,14.0
190,2018-09-11 22:00:00,897.0,1794.0,3898.0,0.5396825396825397,0.9342403628117913,1.0,0.3695652173913043,1026.0,441.0,395.0,0.0,29.0,17.0
191,2018-09-11 23:00:00,1053.0,2106.0,3875.0,0.577319587628866,0.9070294784580499,0.9032258064516129,0.42424242424242425,1028.0,441.0,372.0,3.0,38.0,28.0
192,2018-09-12 00:00:00,900.0,1800.0,3796.0,0.49230769230769234,0.9236111111111112,0.8421052631578947,0.34782608695652173,1007.0,432.0,383.0,3.0,30.0,16.0
193,2018-09-12 01:00:00,737.0,1474.0,3896.0,0.5396825396825397,0.9343891402714932,0.8947368421052632,0.38636363636363635,1030.0,442.0,396.0,2.0,27.0,17.0
194,2018-09-12 02:00:00,570.0,1140.0,3646.0,0.2857142857142857,0.9271844660194175,0.8571428571428571,0.17142857142857143,961.0,412.0,376.0,1.0,29.0,6.0
195,2018-09-12 03:00:00,477.0,954.0,3451.0,0.3225806451612903,0.9433962264150944,0.8333333333333334,0.2,863.0,371.0,345.0,1.0,20.0,5.0
196,2018-09-12 04:00:00,301.0,602.0,3045.0,0.2105263157894737,0.9532710280373832,0.5,0.13333333333333333,748.0,321.0,304.0,2.0,13.0,2.0
197,2018-09-12 05:00:00,221.0,442.0,2765.0,0.5714285714285715,0.9669117647058824,1.0,0.4,634.0,272.0,257.0,0.0,9.0,6.0
198,2018-09-12 06:00:00,151.0,302.0,2434.0,0.25,0.9745762711864406,1.0,0.14285714285714285,548.0,236.0,229.0,0.0,6.0,1.0
199,2018-09-12 07:00:00,107.0,214.0,2703.0,0.5,0.967741935483871,1.0,0.3333333333333333,576.0,248.0,236.0,0.0,8.0,4.0
200,2018-09-12 08:00:00,107.0,214.0,2410.0,0.0,0.9726027397260274,0.0,0.0,509.0,219.0,213.0,0.0,6.0,0.0
201,2018-09-12 09:00:00,90.0,180.0,2575.0,0.4444444444444445,0.9781659388646288,1.0,0.2857142857142857,533.0,229.0,222.0,0.0,5.0,2.0
202,2018-09-12 10:00:00,222.0,444.0,2985.0,0.3,0.950530035335689,1.0,0.17647058823529413,659.0,283.0,266.0,0.0,14.0,3.0
203,2018-09-12 11:00:00,477.0,954.0,3333.0,0.6,0.9763313609467456,0.75,0.5,786.0,338.0,324.0,2.0,6.0,6.0
204,2018-09-12 12:00:00,602.0,1204.0,3816.0,0.45454545454545453,0.9407407407407408,0.8333333333333334,0.3125,942.0,405.0,371.0,2.0,22.0,10.0
205,2018-09-12 13:00:00,778.0,1556.0,4076.0,0.48148148148148157,0.9379157427937915,0.7647058823529411,0.35135135135135137,1052.0,451.0,410.0,4.0,24.0,13.0
206,2018-09-12 14:00:00,757.0,1514.0,4395.0,0.29629629629629634,0.9194915254237288,0.6153846153846154,0.1951219512195122,1100.0,472.0,426.0,5.0,33.0,8.0
207,2018-09-12 15:00:00,1112.0,2224.0,4890.0,0.5840707964601769,0.9156193895870736,0.8918918918918919,0.4342105263157895,1299.0,557.0,477.0,4.0,43.0,33.0
208,2018-09-12 16:00:00,851.0,1702.0,4751.0,0.4675324675324675,0.9219047619047619,0.8181818181818182,0.32727272727272727,1222.0,525.0,466.0,4.0,37.0,18.0
209,2018-09-12 17:00:00,744.0,1488.0,4693.0,0.46153846153846156,0.9335863377609108,0.8823529411764706,0.3125,1229.0,527.0,477.0,2.0,33.0,15.0
210,2018-09-12 18:00:00,692.0,1384.0,4555.0,0.5121951219512195,0.9238095238095239,0.9545454545454546,0.35,1224.0,525.0,464.0,1.0,39.0,21.0
211,2018-09-12 19:00:00,573.0,1146.0,4490.0,0.5373134328358209,0.9383697813121272,0.8571428571428571,0.391304347826087,1173.0,503.0,454.0,3.0,28.0,18.0
212,2018-09-12 20:00:00,747.0,1494.0,4564.0,0.43076923076923074,0.9270216962524654,0.7,0.3111111111111111,1182.0,507.0,456.0,6.0,31.0,14.0
213,2018-09-12 21:00:00,575.0,1150.0,4158.0,0.42622950819672134,0.9227373068432672,0.7647058823529411,0.29545454545454547,1055.0,453.0,405.0,4.0,31.0,13.0
214,2018-09-12 22:00:00,563.0,1126.0,4017.0,0.6333333333333333,0.9518599562363238,0.9047619047619048,0.48717948717948717,1066.0,457.0,416.0,2.0,20.0,19.0
215,2018-09-12 23:00:00,545.0,1090.0,3789.0,0.5483870967741935,0.9344262295081968,0.8947368421052632,0.3953488372093023,996.0,427.0,382.0,2.0,26.0,17.0
216,2018-09-13 00:00:00,461.0,922.0,3920.0,0.6222222222222223,0.960919540229885,0.9333333333333333,0.4666666666666667,1014.0,435.0,404.0,1.0,16.0,14.0
217,2018-09-13 01:00:00,554.0,1108.0,3758.0,0.6181818181818182,0.9513888888888888,1.0,0.4473684210526316,1007.0,432.0,394.0,0.0,21.0,17.0
218,2018-09-13 02:00:00,356.0,712.0,3705.0,0.41025641025641024,0.9466357308584686,0.6666666666666666,0.2962962962962963,1004.0,431.0,400.0,4.0,19.0,8.0
219,2018-09-13 03:00:00,339.0,678.0,3602.0,0.5,0.9416058394160584,0.7058823529411765,0.3870967741935484,958.0,411.0,375.0,5.0,19.0,12.0
220,2018-09-13 04:00:00,213.0,426.0,3212.0,0.16666666666666669,0.943342776203966,1.0,0.09090909090909091,822.0,353.0,331.0,0.0,20.0,2.0
221,2018-09-13 05:00:00,243.0,486.0,2932.0,0.5714285714285715,0.9606557377049181,1.0,0.4,710.0,305.0,285.0,0.0,12.0,8.0
222,2018-09-13 06:00:00,206.0,412.0,2634.0,0.25806451612903225,0.9132075471698113,0.6666666666666666,0.16,617.0,265.0,238.0,2.0,21.0,4.0
223,2018-09-13 07:00:00,165.0,330.0,2794.0,0.5,0.9547169811320755,1.0,0.3333333333333333,618.0,265.0,247.0,0.0,12.0,6.0
224,2018-09-13 08:00:00,101.0,202.0,2558.0,0.4,0.9744680851063829,1.0,0.25,548.0,235.0,227.0,0.0,6.0,2.0
225,2018-09-13 09:00:00,130.0,260.0,2580.0,0.42105263157894735,0.9547325102880658,0.6666666666666666,0.3076923076923077,565.0,243.0,228.0,2.0,9.0,4.0
226,2018-09-13 10:00:00,214.0,428.0,2782.0,0.5945945945945945,0.9448529411764706,1.0,0.4230769230769231,634.0,272.0,246.0,0.0,15.0,11.0
227,2018-09-13 11:00:00,330.0,660.0,3479.0,0.48484848484848486,0.9517045454545454,1.0,0.32,820.0,352.0,327.0,0.0,17.0,8.0
228,2018-09-13 12:00:00,389.0,778.0,3862.0,0.5000000000000001,0.9404466501240695,0.9230769230769231,0.34285714285714286,940.0,403.0,367.0,1.0,23.0,12.0
229,2018-09-13 13:00:00,832.0,1664.0,4018.0,0.46875,0.9249448123620309,0.7142857142857143,0.3488372093023256,1056.0,453.0,404.0,6.0,28.0,15.0
230,2018-09-13 14:00:00,1429.0,2858.0,4604.0,0.4634146341463415,0.9152215799614644,0.7916666666666666,0.3275862068965517,1209.0,519.0,456.0,5.0,39.0,19.0
231,2018-09-13 15:00:00,1253.0,2506.0,4716.0,0.5984251968503937,0.9034090909090909,0.926829268292683,0.4418604651162791,1229.0,528.0,439.0,3.0,48.0,38.0
232,2018-09-13 16:00:00,1545.0,3090.0,4762.0,0.5303030303030303,0.8858195211786372,0.7777777777777778,0.40229885057471265,1264.0,543.0,446.0,10.0,52.0,35.0
233,2018-09-13 17:00:00,1506.0,3012.0,4761.0,0.4516129032258064,0.9050279329608939,0.6774193548387096,0.3387096774193548,1250.0,537.0,465.0,10.0,41.0,21.0
234,2018-09-13 18:00:00,1439.0,2878.0,4686.0,0.4615384615384616,0.9066666666666666,0.8076923076923077,0.3230769230769231,1224.0,525.0,455.0,5.0,44.0,21.0
235,2018-09-13 19:00:00,2401.0,4802.0,4799.0,0.5827814569536425,0.8841911764705882,0.8461538461538461,0.4444444444444444,1268.0,544.0,437.0,8.0,55.0,44.0
236,2018-09-13 20:00:00,1819.0,3638.0,4154.0,0.21428571428571427,0.8613445378151261,0.36,0.15254237288135594,1109.0,476.0,401.0,16.0,50.0,9.0
237,2018-09-13 21:00:00,1744.0,3488.0,4305.0,0.48648648648648657,0.9189765458422174,0.782608695652174,0.35294117647058826,1094.0,469.0,413.0,5.0,33.0,18.0
238,2018-09-13 22:00:00,1617.0,3234.0,4173.0,0.4444444444444444,0.9186991869918699,0.6666666666666666,0.3333333333333333,1147.0,492.0,436.0,8.0,32.0,16.0
239,2018-09-13 23:00:00,1410.0,2820.0,3871.0,0.36666666666666664,0.9147982062780269,0.7333333333333333,0.24444444444444444,1040.0,446.0,397.0,4.0,34.0,11.0
240,2018-09-14 00:00:00,1366.0,2732.0,3916.0,0.3809523809523809,0.9115646258503401,0.5454545454545454,0.2926829268292683,1027.0,441.0,390.0,10.0,29.0,12.0
241,2018-09-14 01:00:00,1268.0,2536.0,3856.0,0.34615384615384615,0.92,0.5625,0.25,990.0,425.0,382.0,7.0,27.0,9.0
242,2018-09-14 02:00:00,1035.0,2070.0,3788.0,0.25,0.9299065420560748,0.8333333333333334,0.14705882352941177,997.0,428.0,393.0,1.0,29.0,5.0
243,2018-09-14 03:00:00,839.0,1678.0,3420.0,0.39215686274509803,0.9190600522193212,0.7142857142857143,0.2702702702702703,891.0,383.0,342.0,4.0,27.0,10.0
244,2018-09-14 04:00:00,1017.0,2034.0,2967.0,0.45000000000000007,0.9347181008902077,0.8181818181818182,0.3103448275862069,786.0,337.0,306.0,2.0,20.0,9.0
245,2018-09-14 05:00:00,811.0,1622.0,2849.0,0.375,0.9644128113879004,1.0,0.23076923076923078,655.0,281.0,268.0,0.0,10.0,3.0
246,2018-09-14 06:00:00,521.0,1042.0,2667.0,0.16666666666666666,0.9606299212598425,0.3333333333333333,0.1111111111111111,592.0,254.0,243.0,2.0,8.0,1.0
247,2018-09-14 07:00:00,332.0,664.0,2746.0,0.4444444444444445,0.9621212121212122,1.0,0.2857142857142857,615.0,264.0,250.0,0.0,10.0,4.0
248,2018-09-14 08:00:00,297.0,594.0,2572.0,0.33333333333333337,0.9832635983263598,1.0,0.2,557.0,239.0,234.0,0.0,4.0,1.0
249,2018-09-14 09:00:00,331.0,662.0,2536.0,0.0,0.9576271186440678,0.0,0.0,549.0,236.0,226.0,0.0,10.0,0.0
250,2018-09-14 10:00:00,512.0,1024.0,3016.0,0.0,0.9475524475524476,0.0,0.0,666.0,286.0,271.0,0.0,15.0,0.0
251,2018-09-14 11:00:00,793.0,1586.0,3208.0,0.46153846153846156,0.9558359621451105,0.6666666666666666,0.35294117647058826,737.0,317.0,297.0,3.0,11.0,6.0
252,2018-09-14 12:00:00,890.0,1780.0,3703.0,0.4333333333333333,0.910761154855643,0.9285714285714286,0.2826086956521739,887.0,381.0,334.0,1.0,33.0,13.0
253,2018-09-14 13:00:00,976.0,1952.0,4093.0,0.22641509433962262,0.9061784897025171,0.5,0.14634146341463414,1017.0,437.0,390.0,6.0,35.0,6.0
254,2018-09-14 14:00:00,1038.0,2076.0,4411.0,0.3636363636363636,0.9412997903563941,0.8888888888888888,0.22857142857142856,1110.0,477.0,441.0,1.0,27.0,8.0
255,2018-09-14 15:00:00,958.0,1916.0,4883.0,0.3636363636363636,0.9478584729981379,0.8888888888888888,0.22857142857142856,1251.0,537.0,501.0,1.0,27.0,8.0
256,2018-09-14 16:00:00,804.0,1608.0,4757.0,0.44444444444444453,0.9423076923076923,0.7058823529411765,0.32432432432432434,1213.0,520.0,478.0,5.0,25.0,12.0
257,2018-09-14 17:00:00,669.0,1338.0,4436.0,0.2,0.9337474120082816,0.6666666666666666,0.11764705882352941,1126.0,483.0,447.0,2.0,30.0,4.0
258,2018-09-14 18:00:00,721.0,1442.0,4426.0,0.3636363636363636,0.9412997903563941,0.8888888888888888,0.22857142857142856,1110.0,477.0,441.0,1.0,27.0,8.0
259,2018-09-14 19:00:00,517.0,1034.0,4135.0,0.3720930232558139,0.9409190371991247,0.8888888888888888,0.23529411764705882,1064.0,457.0,422.0,1.0,26.0,8.0
260,2018-09-14 20:00:00,586.0,1172.0,4117.0,0.3157894736842105,0.9427312775330396,1.0,0.1875,1058.0,454.0,422.0,0.0,26.0,6.0
261,2018-09-14 21:00:00,501.0,1002.0,3941.0,0.13793103448275862,0.9423963133640553,0.25,0.09523809523809523,1011.0,434.0,407.0,6.0,19.0,2.0
262,2018-09-14 22:00:00,542.0,1084.0,3827.0,0.20689655172413793,0.9451073985680191,0.5,0.13043478260869565,977.0,419.0,393.0,3.0,20.0,3.0
263,2018-09-14 23:00:00,443.0,886.0,3858.0,0.39130434782608686,0.9320388349514563,0.8181818181818182,0.2571428571428571,960.0,412.0,375.0,2.0,26.0,9.0
264,2018-09-15 00:00:00,392.0,784.0,3567.0,0.33333333333333337,0.956989247311828,1.0,0.2,867.0,372.0,352.0,0.0,16.0,4.0
265,2018-09-15 01:00:00,504.0,1008.0,3578.0,0.32000000000000006,0.9561855670103093,0.8,0.2,903.0,388.0,367.0,1.0,16.0,4.0
266,2018-09-15 02:00:00,521.0,1042.0,3433.0,0.41379310344827586,0.9553805774278216,0.8571428571428571,0.2727272727272727,888.0,381.0,358.0,1.0,16.0,6.0
267,2018-09-15 03:00:00,365.0,730.0,3136.0,0.11764705882352941,0.954954954954955,1.0,0.0625,776.0,333.0,317.0,0.0,15.0,1.0
268,2018-09-15 04:00:00,293.0,586.0,2945.0,0.32000000000000006,0.945859872611465,0.8,0.2,731.0,314.0,293.0,1.0,16.0,4.0
269,2018-09-15 05:00:00,171.0,342.0,2544.0,0.0,0.9558232931726908,0.0,0.0,578.0,249.0,238.0,0.0,11.0,0.0
270,2018-09-15 06:00:00,134.0,268.0,2525.0,0.16666666666666669,0.9591836734693877,1.0,0.09090909090909091,571.0,245.0,234.0,0.0,10.0,1.0
271,2018-09-15 07:00:00,147.0,294.0,2543.0,0.2222222222222222,0.9704641350210971,1.0,0.125,553.0,237.0,229.0,0.0,7.0,1.0
272,2018-09-15 08:00:00,101.0,202.0,2636.0,0.0,0.9833333333333333,0.0,0.0,560.0,240.0,236.0,0.0,4.0,0.0
273,2018-09-15 09:00:00,118.0,236.0,2420.0,0.2857142857142857,0.9789029535864979,1.0,0.16666666666666666,550.0,237.0,231.0,0.0,5.0,1.0
274,2018-09-15 10:00:00,111.0,222.0,2522.0,0.15384615384615385,0.9525862068965517,1.0,0.08333333333333333,541.0,232.0,220.0,0.0,11.0,1.0
275,2018-09-15 11:00:00,175.0,350.0,2784.0,0.42857142857142855,0.9713261648745519,1.0,0.2727272727272727,648.0,279.0,268.0,0.0,8.0,3.0
276,2018-09-15 12:00:00,309.0,618.0,3163.0,0.08333333333333334,0.9352941176470588,0.5,0.045454545454545456,791.0,340.0,317.0,1.0,21.0,1.0
277,2018-09-15 13:00:00,508.0,1016.0,3727.0,0.5454545454545454,0.9635922330097088,1.0,0.375,961.0,412.0,388.0,0.0,15.0,9.0
278,2018-09-15 14:00:00,651.0,1302.0,4143.0,0.18750000000000003,0.9431072210065645,0.6,0.1111111111111111,1064.0,457.0,428.0,2.0,24.0,3.0
279,2018-09-15 15:00:00,516.0,1032.0,4090.0,0.3076923076923077,0.959731543624161,1.0,0.18181818181818182,1042.0,447.0,425.0,0.0,18.0,4.0
280,2018-09-15 16:00:00,456.0,912.0,4157.0,0.47058823529411764,0.9595505617977528,1.0,0.3076923076923077,1037.0,445.0,419.0,0.0,18.0,8.0
281,2018-09-15 17:00:00,400.0,800.0,4231.0,0.35,0.9436008676789588,0.875,0.21875,1075.0,461.0,428.0,1.0,25.0,7.0
282,2018-09-15 18:00:00,418.0,836.0,4122.0,0.38095238095238093,0.9709821428571429,1.0,0.23529411764705882,1045.0,448.0,431.0,0.0,13.0,4.0
283,2018-09-15 19:00:00,388.0,776.0,3714.0,0.17391304347826084,0.9536585365853658,1.0,0.09523809523809523,955.0,410.0,389.0,0.0,19.0,2.0
284,2018-09-15 20:00:00,351.0,702.0,3740.0,0.09090909090909091,0.9524940617577197,0.5,0.05,982.0,421.0,400.0,1.0,19.0,1.0
285,2018-09-15 21:00:00,342.0,684.0,3713.0,0.0,0.9516908212560387,0.0,0.0,964.0,414.0,394.0,1.0,19.0,0.0
286,2018-09-15 22:00:00,458.0,916.0,3521.0,0.0909090909090909,0.9473684210526315,1.0,0.047619047619047616,886.0,380.0,359.0,0.0,20.0,1.0
287,2018-09-15 23:00:00,321.0,642.0,3628.0,0.0,0.9518072289156626,0.0,0.0,966.0,415.0,395.0,0.0,20.0,0.0
288,2018-09-16 00:00:00,423.0,846.0,3463.0,0.34285714285714286,0.9381720430107527,1.0,0.20689655172413793,865.0,372.0,343.0,0.0,23.0,6.0
289,2018-09-16 01:00:00,348.0,696.0,3419.0,0.41379310344827586,0.9546666666666667,0.8571428571428571,0.2727272727272727,875.0,375.0,352.0,1.0,16.0,6.0
290,2018-09-16 02:00:00,344.0,688.0,3270.0,0.08333333333333334,0.9407008086253369,0.25,0.05,863.0,371.0,348.0,3.0,19.0,1.0
291,2018-09-16 03:00:00,280.0,560.0,3297.0,0.27272727272727276,0.9565217391304348,0.75,0.16666666666666666,858.0,368.0,349.0,1.0,15.0,3.0
292,2018-09-16 04:00:00,487.0,974.0,3162.0,0.5217391304347826,0.9709762532981531,1.0,0.35294117647058826,883.0,379.0,362.0,0.0,11.0,6.0
293,2018-09-16 05:00:00,351.0,702.0,2725.0,0.0,0.9619377162629758,0.0,0.0,674.0,289.0,278.0,2.0,9.0,0.0
294,2018-09-16 06:00:00,217.0,434.0,2542.0,0.19999999999999998,0.9699248120300752,1.0,0.1111111111111111,618.0,266.0,257.0,0.0,8.0,1.0
295,2018-09-16 07:00:00,142.0,284.0,2378.0,0.16666666666666669,0.957983193277311,1.0,0.09090909090909091,555.0,238.0,227.0,0.0,10.0,1.0
296,2018-09-16 08:00:00,112.0,224.0,2353.0,0.0,0.9644444444444444,0.0,0.0,524.0,225.0,217.0,0.0,8.0,0.0
297,2018-09-16 09:00:00,114.0,228.0,2333.0,0.0,0.9863636363636363,0.0,0.0,513.0,220.0,217.0,0.0,3.0,0.0
298,2018-09-16 10:00:00,162.0,324.0,2545.0,0.0,0.9873949579831933,0.0,0.0,553.0,238.0,235.0,0.0,3.0,0.0
299,2018-09-16 11:00:00,353.0,706.0,3037.0,0.16,0.9288135593220339,1.0,0.08695652173913043,686.0,295.0,272.0,0.0,21.0,2.0
300,2018-09-16 12:00:00,464.0,928.0,3130.0,0.2222222222222222,0.9555555555555556,0.6666666666666666,0.13333333333333333,733.0,315.0,299.0,1.0,13.0,2.0
301,2018-09-16 13:00:00,797.0,1594.0,3565.0,0.43137254901960786,0.9240837696335078,0.55,0.3548387096774194,889.0,382.0,342.0,9.0,20.0,11.0
302,2018-09-16 14:00:00,661.0,1322.0,3954.0,0.22222222222222224,0.9366515837104072,0.5,0.14285714285714285,1031.0,442.0,410.0,4.0,24.0,4.0
303,2018-09-16 15:00:00,533.0,1066.0,4182.0,0.4444444444444445,0.9578059071729957,1.0,0.2857142857142857,1106.0,474.0,446.0,0.0,20.0,8.0
304,2018-09-16 16:00:00,582.0,1164.0,4441.0,0.45901639344262296,0.9327902240325866,0.8235294117647058,0.3181818181818182,1144.0,491.0,444.0,3.0,30.0,14.0
305,2018-09-16 17:00:00,471.0,942.0,4376.0,0.6849315068493151,0.9546351084812623,0.9259259259259259,0.5434782608695652,1183.0,507.0,459.0,2.0,21.0,25.0
306,2018-09-16 18:00:00,451.0,902.0,4306.0,0.45454545454545453,0.9519038076152304,0.9090909090909091,0.30303030303030304,1162.0,499.0,465.0,1.0,23.0,10.0
307,2018-09-16 19:00:00,358.0,716.0,4261.0,0.7333333333333334,0.9699812382739212,1.0,0.5789473684210527,1241.0,533.0,495.0,0.0,16.0,22.0
308,2018-09-16 20:00:00,1061.0,2122.0,4339.0,0.4878048780487805,0.9614678899082569,0.7142857142857143,0.37037037037037035,1271.0,545.0,514.0,4.0,17.0,10.0
309,2018-09-16 21:00:00,1023.0,2046.0,3914.0,0.6274509803921569,0.9572072072072072,0.8421052631578947,0.5,1033.0,444.0,409.0,3.0,16.0,16.0
310,2018-09-16 22:00:00,935.0,1870.0,3771.0,0.44000000000000006,0.9342723004694836,1.0,0.28205128205128205,991.0,426.0,387.0,0.0,28.0,11.0
311,2018-09-16 23:00:00,761.0,1522.0,3566.0,0.2727272727272727,0.9620853080568721,0.6,0.17647058823529413,983.0,422.0,403.0,2.0,14.0,3.0
312,2018-09-17 00:00:00,745.0,1490.0,3875.0,0.41860465116279066,0.9438202247191011,0.6,0.32142857142857145,1036.0,445.0,411.0,6.0,19.0,9.0
313,2018-09-17 01:00:00,764.0,1528.0,3525.0,0.22222222222222218,0.9492753623188406,0.6,0.13636363636363635,965.0,414.0,390.0,2.0,19.0,3.0
314,2018-09-17 02:00:00,605.0,1210.0,3655.0,0.46153846153846156,0.9659367396593674,0.8571428571428571,0.3157894736842105,959.0,411.0,391.0,1.0,13.0,6.0
315,2018-09-17 03:00:00,459.0,918.0,3345.0,0.25,0.969309462915601,0.6666666666666666,0.15384615384615385,911.0,391.0,377.0,1.0,11.0,2.0
316,2018-09-17 04:00:00,329.0,658.0,3009.0,0.0,0.9581993569131833,0.0,0.0,723.0,311.0,298.0,0.0,13.0,0.0
317,2018-09-17 05:00:00,211.0,422.0,2669.0,0.19999999999999998,0.9703703703703703,1.0,0.1111111111111111,629.0,270.0,261.0,0.0,8.0,1.0
318,2018-09-17 06:00:00,120.0,240.0,2515.0,0.0,0.9919354838709677,0.0,0.0,577.0,248.0,246.0,0.0,2.0,0.0
319,2018-09-17 07:00:00,97.0,194.0,2505.0,0.2857142857142857,0.9785407725321889,1.0,0.16666666666666666,543.0,233.0,227.0,0.0,5.0,1.0
320,2018-09-17 08:00:00,101.0,202.0,2504.0,0.0,0.9778761061946902,0.0,0.0,527.0,226.0,221.0,0.0,5.0,0.0
321,2018-09-17 09:00:00,123.0,246.0,2541.0,0.2222222222222222,0.9683257918552036,1.0,0.125,515.0,221.0,213.0,0.0,7.0,1.0
322,2018-09-17 10:00:00,187.0,374.0,2687.0,0.5263157894736842,0.9649805447470817,0.8333333333333334,0.38461538461538464,598.0,257.0,243.0,1.0,8.0,5.0
323,2018-09-17 11:00:00,232.0,464.0,3151.0,0.125,0.9546925566343042,1.0,0.06666666666666667,721.0,309.0,294.0,0.0,14.0,1.0
324,2018-09-17 12:00:00,244.0,488.0,3603.0,0.2727272727272727,0.956989247311828,1.0,0.15789473684210525,866.0,372.0,353.0,0.0,16.0,3.0
325,2018-09-17 13:00:00,304.0,608.0,3970.0,0.14285714285714288,0.9432624113475178,1.0,0.07692307692307693,984.0,423.0,397.0,0.0,24.0,2.0
326,2018-09-17 14:00:00,370.0,740.0,4410.0,0.46808510638297873,0.9483471074380165,1.0,0.3055555555555556,1129.0,484.0,448.0,0.0,25.0,11.0
327,2018-09-17 15:00:00,403.0,806.0,4311.0,0.6216216216216216,0.9426229508196722,0.9583333333333334,0.46,1136.0,488.0,437.0,1.0,27.0,23.0
328,2018-09-17 16:00:00,367.0,734.0,4266.0,0.5454545454545454,0.9360341151385928,0.9473684210526315,0.3829787234042553,1093.0,469.0,421.0,1.0,29.0,18.0
329,2018-09-17 17:00:00,302.0,604.0,4473.0,0.2857142857142857,0.959349593495935,1.0,0.16666666666666666,1147.0,492.0,468.0,0.0,20.0,4.0
330,2018-09-17 18:00:00,252.0,504.0,4397.0,0.2727272727272727,0.966804979253112,0.6,0.17647058823529413,1124.0,482.0,463.0,2.0,14.0,3.0
331,2018-09-17 19:00:00,267.0,534.0,4379.0,0.36363636363636365,0.9577464788732394,0.75,0.24,1157.0,497.0,470.0,2.0,19.0,6.0
332,2018-09-17 20:00:00,206.0,412.0,4383.0,0.375,0.9591836734693877,1.0,0.23076923076923078,1143.0,490.0,464.0,0.0,20.0,6.0
333,2018-09-17 21:00:00,256.0,512.0,4064.0,0.2608695652173913,0.9617977528089887,1.0,0.15,1036.0,445.0,425.0,0.0,17.0,3.0
334,2018-09-17 22:00:00,237.0,474.0,4082.0,0.375,0.9568965517241379,1.0,0.23076923076923078,1082.0,464.0,438.0,0.0,20.0,6.0
335,2018-09-17 23:00:00,231.0,462.0,3642.0,0.5,0.9607843137254902,0.8888888888888888,0.34782608695652173,949.0,408.0,384.0,1.0,15.0,8.0
336,2018-09-18 00:00:00,259.0,518.0,3895.0,0.25,0.9437939110070258,0.6666666666666666,0.15384615384615385,994.0,427.0,399.0,2.0,22.0,4.0
337,2018-09-18 01:00:00,182.0,364.0,3673.0,0.0,0.9593679458239278,0.0,0.0,1033.0,443.0,425.0,0.0,18.0,0.0
338,2018-09-18 02:00:00,275.0,550.0,3667.0,0.3157894736842105,0.9689737470167065,1.0,0.1875,977.0,419.0,403.0,0.0,13.0,3.0
339,2018-09-18 03:00:00,204.0,408.0,3594.0,0.0909090909090909,0.948849104859335,1.0,0.047619047619047616,910.0,391.0,370.0,0.0,20.0,1.0
340,2018-09-18 04:00:00,115.0,230.0,3132.0,0.5,0.982089552238806,1.0,0.3333333333333333,781.0,335.0,326.0,0.0,6.0,3.0
341,2018-09-18 05:00:00,109.0,218.0,2632.0,0.33333333333333337,0.9543726235741445,1.0,0.2,612.0,263.0,248.0,0.0,12.0,3.0
342,2018-09-18 06:00:00,56.0,112.0,2559.0,0.0,0.983402489626556,0.0,0.0,561.0,241.0,237.0,0.0,4.0,0.0
343,2018-09-18 07:00:00,63.0,126.0,2652.0,0.0,0.9623430962343096,0.0,0.0,556.0,239.0,230.0,0.0,9.0,0.0
344,2018-09-18 08:00:00,30.0,60.0,2504.0,0.0,0.9773755656108597,0.0,0.0,513.0,221.0,216.0,0.0,5.0,0.0
345,2018-09-18 09:00:00,57.0,114.0,2587.0,0.5,0.9914163090128756,1.0,0.3333333333333333,543.0,233.0,230.0,0.0,2.0,1.0
346,2018-09-18 10:00:00,98.0,196.0,2960.0,0.25,0.9565217391304348,0.6666666666666666,0.15384615384615385,642.0,276.0,262.0,1.0,11.0,2.0
347,2018-09-18 11:00:00,144.0,288.0,3352.0,0.7272727272727273,0.9565217391304348,1.0,0.5714285714285714,802.0,345.0,310.0,0.0,15.0,20.0
348,2018-09-18 12:00:00,157.0,314.0,3560.0,0.1111111111111111,0.9567567567567568,1.0,0.058823529411764705,863.0,370.0,353.0,0.0,16.0,1.0
349,2018-09-18 13:00:00,206.0,412.0,3916.0,0.3529411764705882,0.9745958429561201,0.75,0.23076923076923078,1010.0,433.0,419.0,1.0,10.0,3.0
350,2018-09-18 14:00:00,408.0,816.0,4301.0,0.3529411764705882,0.9524838012958964,0.75,0.23076923076923078,1078.0,463.0,435.0,2.0,20.0,6.0
351,2018-09-18 15:00:00,676.0,1352.0,4254.0,0.42424242424242425,0.9604166666666667,0.7777777777777778,0.2916666666666667,1118.0,480.0,454.0,2.0,17.0,7.0
352,2018-09-18 16:00:00,574.0,1148.0,4672.0,0.19999999999999998,0.953757225433526,1.0,0.1111111111111111,1210.0,519.0,492.0,0.0,24.0,3.0
353,2018-09-18 17:00:00,381.0,762.0,4542.0,0.2857142857142857,0.9596774193548387,1.0,0.16666666666666666,1157.0,496.0,472.0,0.0,20.0,4.0
354,2018-09-18 18:00:00,282.0,564.0,4388.0,0.0,0.9606625258799172,0.0,0.0,1125.0,483.0,464.0,0.0,19.0,0.0
355,2018-09-18 19:00:00,234.0,468.0,4283.0,0.13333333333333333,0.9735234215885947,1.0,0.07142857142857142,1145.0,491.0,477.0,0.0,13.0,1.0
356,2018-09-18 20:00:00,224.0,448.0,4161.0,0.33333333333333337,0.9746300211416491,1.0,0.2,1102.0,473.0,458.0,0.0,12.0,3.0
357,2018-09-18 21:00:00,202.0,404.0,4157.0,0.11764705882352941,0.9662921348314607,1.0,0.0625,1038.0,445.0,429.0,0.0,15.0,1.0
358,2018-09-18 22:00:00,184.0,368.0,3887.0,0.08,0.9470046082949308,0.5,0.043478260869565216,1010.0,434.0,410.0,1.0,22.0,1.0
359,2018-09-18 23:00:00,258.0,516.0,3434.0,0.3,0.9629629629629629,1.0,0.17647058823529413,881.0,378.0,361.0,0.0,14.0,3.0
360,2018-09-19 00:00:00,224.0,448.0,3746.0,0.4166666666666667,0.9673659673659674,1.0,0.2631578947368421,1001.0,429.0,410.0,0.0,14.0,5.0
361,2018-09-19 01:00:00,219.0,438.0,3718.0,0.2222222222222222,0.9666666666666667,0.6666666666666666,0.13333333333333333,978.0,420.0,404.0,1.0,13.0,2.0
362,2018-09-19 02:00:00,232.0,464.0,3767.0,0.08333333333333334,0.9482352941176471,0.25,0.05,991.0,425.0,402.0,3.0,19.0,1.0
363,2018-09-19 03:00:00,175.0,350.0,3371.0,0.07692307692307693,0.9322033898305084,1.0,0.04,824.0,354.0,329.0,0.0,24.0,1.0
364,2018-09-19 04:00:00,129.0,258.0,3034.0,0.3076923076923077,0.9710610932475884,1.0,0.18181818181818182,724.0,311.0,300.0,0.0,9.0,2.0
365,2018-09-19 05:00:00,86.0,172.0,2769.0,0.8,0.9965034965034965,1.0,0.6666666666666666,667.0,286.0,283.0,0.0,1.0,2.0
366,2018-09-19 06:00:00,61.0,122.0,2467.0,0.0,0.9704641350210971,0.0,0.0,553.0,237.0,230.0,1.0,6.0,0.0
367,2018-09-19 07:00:00,34.0,68.0,2613.0,0.0,0.9870689655172413,0.0,0.0,540.0,232.0,229.0,0.0,3.0,0.0
368,2018-09-19 08:00:00,42.0,84.0,2642.0,0.0,0.9742489270386266,0.0,0.0,541.0,233.0,227.0,0.0,6.0,0.0
369,2018-09-19 09:00:00,41.0,82.0,2413.0,0.0,0.9910313901345291,0.0,0.0,519.0,223.0,221.0,0.0,2.0,0.0
370,2018-09-19 10:00:00,96.0,192.0,2730.0,0.36363636363636365,0.9732824427480916,0.6666666666666666,0.25,609.0,262.0,253.0,1.0,6.0,2.0
371,2018-09-19 11:00:00,134.0,268.0,3297.0,0.0,0.971875,0.0,0.0,746.0,320.0,311.0,1.0,8.0,0.0
372,2018-09-19 12:00:00,184.0,368.0,3947.0,0.4210526315789473,0.9720812182741116,0.8,0.2857142857142857,917.0,394.0,379.0,1.0,10.0,4.0
373,2018-09-19 13:00:00,192.0,384.0,4107.0,0.5641025641025641,0.9617977528089887,0.7857142857142857,0.44,1037.0,445.0,417.0,3.0,14.0,11.0
374,2018-09-19 14:00:00,197.0,394.0,4409.0,0.09523809523809523,0.9608247422680413,1.0,0.05,1131.0,485.0,465.0,0.0,19.0,1.0
375,2018-09-19 15:00:00,131.0,262.0,4604.0,0.25806451612903225,0.9530612244897959,1.0,0.14814814814814814,1142.0,490.0,463.0,0.0,23.0,4.0
376,2018-09-19 16:00:00,225.0,450.0,4391.0,0.6969696969696971,0.9588477366255144,0.92,0.5609756097560976,1131.0,486.0,443.0,2.0,18.0,23.0
377,2018-09-19 17:00:00,263.0,526.0,4629.0,0.4390243902439024,0.955078125,0.9,0.2903225806451613,1194.0,512.0,480.0,1.0,22.0,9.0
378,2018-09-19 18:00:00,251.0,502.0,4632.0,0.375,0.9393939393939394,0.75,0.25,1152.0,495.0,456.0,3.0,27.0,9.0
379,2018-09-19 19:00:00,533.0,1066.0,4331.0,0.19354838709677416,0.9503968253968254,0.42857142857142855,0.125,1176.0,504.0,476.0,4.0,21.0,3.0
380,2018-09-19 20:00:00,334.0,668.0,4514.0,0.21052631578947367,0.9393939393939394,0.6666666666666666,0.125,1155.0,495.0,461.0,2.0,28.0,4.0
381,2018-09-19 21:00:00,741.0,1482.0,4552.0,0.578512396694215,0.9035916824196597,0.6730769230769231,0.5072463768115942,1232.0,529.0,443.0,17.0,34.0,35.0
382,2018-09-19 22:00:00,497.0,994.0,3745.0,0.4117647058823529,0.9058823529411765,0.6666666666666666,0.2978723404255319,989.0,425.0,371.0,7.0,33.0,14.0
383,2018-09-19 23:00:00,585.0,1170.0,3960.0,0.4375,0.8775510204081632,0.75,0.3088235294117647,1029.0,441.0,366.0,7.0,47.0,21.0
384,2018-09-20 00:00:00,468.0,936.0,3823.0,0.5277777777777779,0.92018779342723,0.9047619047619048,0.37254901960784315,993.0,426.0,373.0,2.0,32.0,19.0
385,2018-09-20 01:00:00,479.0,958.0,3834.0,0.2040816326530612,0.9097222222222222,0.5,0.1282051282051282,1007.0,432.0,388.0,5.0,34.0,5.0
386,2018-09-20 02:00:00,337.0,674.0,3824.0,0.07999999999999999,0.9452380952380952,1.0,0.041666666666666664,978.0,420.0,396.0,0.0,23.0,1.0
387,2018-09-20 03:00:00,292.0,584.0,3231.0,0.14814814814814814,0.9366391184573003,1.0,0.08,844.0,363.0,338.0,0.0,23.0,2.0
388,2018-09-20 04:00:00,215.0,430.0,3006.0,0.43478260869565216,0.9580645161290322,0.625,0.3333333333333333,721.0,310.0,292.0,3.0,10.0,5.0
389,2018-09-20 05:00:00,127.0,254.0,2768.0,0.0,0.9541984732824428,0.0,0.0,611.0,262.0,250.0,1.0,11.0,0.0
390,2018-09-20 06:00:00,84.0,168.0,2450.0,0.3636363636363636,0.9694323144104804,1.0,0.2222222222222222,534.0,229.0,220.0,0.0,7.0,2.0
391,2018-09-20 07:00:00,64.0,128.0,2522.0,0.19999999999999998,0.9650655021834061,1.0,0.1111111111111111,534.0,229.0,220.0,0.0,8.0,1.0
392,2018-09-20 08:00:00,67.0,134.0,2342.0,0.25,0.9714285714285714,1.0,0.14285714285714285,490.0,210.0,203.0,0.0,6.0,1.0
393,2018-09-20 09:00:00,78.0,156.0,2686.0,0.0,0.9574468085106383,0.0,0.0,548.0,235.0,225.0,0.0,10.0,0.0
394,2018-09-20 10:00:00,172.0,344.0,2633.0,0.11764705882352941,0.9429657794676806,0.5,0.06666666666666667,611.0,263.0,247.0,1.0,14.0,1.0
395,2018-09-20 11:00:00,278.0,556.0,3430.0,0.13333333333333333,0.9230769230769231,0.6666666666666666,0.07407407407407407,788.0,338.0,310.0,1.0,25.0,2.0
396,2018-09-20 12:00:00,214.0,428.0,3666.0,0.4666666666666667,0.9574468085106383,1.0,0.30434782608695654,877.0,376.0,353.0,0.0,16.0,7.0
397,2018-09-20 13:00:00,365.0,730.0,4206.0,0.25925925925925924,0.910913140311804,1.0,0.14893617021276595,1047.0,449.0,402.0,0.0,40.0,7.0
398,2018-09-20 14:00:00,500.0,1000.0,4395.0,0.3283582089552239,0.9038461538461539,0.7857142857142857,0.20754716981132076,1091.0,468.0,412.0,3.0,42.0,11.0
399,2018-09-20 15:00:00,2241.0,4482.0,4909.0,0.594059405940594,0.8573913043478261,0.7142857142857143,0.5084745762711864,1341.0,575.0,433.0,24.0,58.0,60.0
400,2018-09-20 16:00:00,2874.0,5748.0,5175.0,0.574712643678161,0.8177339901477833,0.6578947368421053,0.5102040816326531,1420.0,609.0,423.0,39.0,72.0,75.0
401,2018-09-20 17:00:00,2418.0,4836.0,4802.0,0.5745856353591161,0.8649122807017544,0.7027027027027027,0.48598130841121495,1327.0,570.0,441.0,22.0,55.0,52.0
402,2018-09-20 18:00:00,1449.0,2898.0,4564.0,0.4963503649635036,0.8667953667953668,0.7391304347826086,0.37362637362637363,1206.0,518.0,415.0,12.0,57.0,34.0
403,2018-09-20 19:00:00,1325.0,2650.0,4588.0,0.39252336448598135,0.879182156133829,0.65625,0.28,1254.0,538.0,452.0,11.0,54.0,21.0
404,2018-09-20 20:00:00,1630.0,3260.0,4668.0,0.47457627118644075,0.8819047619047619,0.6086956521739131,0.3888888888888889,1225.0,525.0,435.0,18.0,44.0,28.0
405,2018-09-20 21:00:00,1397.0,2794.0,4381.0,0.4878048780487806,0.9137577002053389,0.8333333333333334,0.3448275862068966,1135.0,487.0,425.0,4.0,38.0,20.0
406,2018-09-20 22:00:00,1123.0,2246.0,3889.0,0.5510204081632653,0.9020044543429844,0.7297297297297297,0.4426229508196721,1046.0,449.0,378.0,10.0,34.0,27.0
407,2018-09-20 23:00:00,976.0,1952.0,3928.0,0.4835164835164835,0.8914549653579676,0.7586206896551724,0.3548387096774194,1010.0,433.0,364.0,7.0,40.0,22.0
408,2018-09-21 00:00:00,1161.0,2322.0,3804.0,0.4594594594594595,0.9058823529411765,0.6538461538461539,0.3541666666666667,989.0,425.0,368.0,9.0,31.0,17.0
409,2018-09-21 01:00:00,1006.0,2012.0,4024.0,0.40625,0.9191489361702128,0.7222222222222222,0.2826086956521739,1094.0,470.0,419.0,5.0,33.0,13.0
410,2018-09-21 02:00:00,1125.0,2250.0,3859.0,0.5128205128205128,0.9153674832962138,0.8333333333333334,0.37037037037037035,1046.0,449.0,391.0,4.0,34.0,20.0
411,2018-09-21 03:00:00,703.0,1406.0,3663.0,0.3,0.9375,0.75,0.1875,1043.0,448.0,414.0,2.0,26.0,6.0
412,2018-09-21 04:00:00,554.0,1108.0,3270.0,0.34285714285714286,0.93646408839779,1.0,0.20689655172413793,843.0,362.0,333.0,0.0,23.0,6.0
413,2018-09-21 05:00:00,329.0,658.0,2903.0,0.20689655172413793,0.9195804195804196,0.75,0.12,665.0,286.0,260.0,1.0,22.0,3.0
414,2018-09-21 06:00:00,268.0,536.0,2687.0,0.3157894736842105,0.9498069498069498,1.0,0.1875,602.0,259.0,243.0,0.0,13.0,3.0
415,2018-09-21 07:00:00,165.0,330.0,2746.0,0.0,0.972972972972973,0.0,0.0,604.0,259.0,252.0,0.0,7.0,0.0
416,2018-09-21 08:00:00,135.0,270.0,2525.0,0.7142857142857143,0.9829059829059829,1.0,0.5555555555555556,545.0,234.0,225.0,0.0,4.0,5.0
417,2018-09-21 09:00:00,158.0,316.0,2445.0,0.43478260869565216,0.9451476793248945,0.7142857142857143,0.3125,553.0,237.0,219.0,2.0,11.0,5.0
418,2018-09-21 10:00:00,256.0,512.0,3136.0,0.15384615384615385,0.9629629629629629,1.0,0.08333333333333333,692.0,297.0,285.0,0.0,11.0,1.0
419,2018-09-21 11:00:00,422.0,844.0,3588.0,0.3793103448275862,0.896551724137931,1.0,0.23404255319148937,809.0,348.0,301.0,0.0,36.0,11.0
420,2018-09-21 12:00:00,422.0,844.0,3712.0,0.4333333333333333,0.9123711340206185,0.7647058823529411,0.3023255813953488,903.0,388.0,341.0,4.0,30.0,13.0
421,2018-09-21 13:00:00,608.0,1216.0,4532.0,0.5769230769230769,0.913894324853229,0.8571428571428571,0.43478260869565216,1190.0,511.0,437.0,5.0,39.0,30.0
422,2018-09-21 14:00:00,754.0,1508.0,4722.0,0.6122448979591837,0.9291044776119403,0.8571428571428571,0.47619047619047616,1250.0,536.0,468.0,5.0,33.0,30.0
423,2018-09-21 15:00:00,727.0,1454.0,4738.0,0.46511627906976744,0.9111969111969112,0.6666666666666666,0.35714285714285715,1206.0,518.0,452.0,10.0,36.0,20.0
424,2018-09-21 16:00:00,564.0,1128.0,4718.0,0.5753424657534246,0.9393346379647749,0.9130434782608695,0.42,1190.0,511.0,459.0,2.0,29.0,21.0
425,2018-09-21 17:00:00,410.0,820.0,4567.0,0.3181818181818182,0.9391480730223124,1.0,0.1891891891891892,1150.0,493.0,456.0,0.0,30.0,7.0
426,2018-09-21 18:00:00,372.0,744.0,4306.0,0.6296296296296297,0.957983193277311,1.0,0.4594594594594595,1108.0,476.0,439.0,0.0,20.0,17.0
427,2018-09-21 19:00:00,344.0,688.0,4307.0,0.5,0.9577167019027484,1.0,0.3333333333333333,1101.0,473.0,443.0,0.0,20.0,10.0
428,2018-09-21 20:00:00,510.0,1020.0,4230.0,0.3076923076923077,0.9219088937093276,0.7272727272727273,0.1951219512195122,1074.0,461.0,417.0,3.0,33.0,8.0
429,2018-09-21 21:00:00,419.0,838.0,3989.0,0.41666666666666663,0.9350348027842227,0.7692307692307693,0.2857142857142857,1004.0,431.0,393.0,3.0,25.0,10.0
430,2018-09-21 22:00:00,855.0,1710.0,3800.0,0.43478260869565216,0.9382422802850356,0.9090909090909091,0.2857142857142857,982.0,421.0,385.0,1.0,25.0,10.0
431,2018-09-21 23:00:00,3071.0,6142.0,4064.0,0.6893203883495146,0.8693877551020408,0.8160919540229885,0.5966386554621849,1142.0,490.0,355.0,16.0,48.0,71.0
432,2018-09-22 00:00:00,1696.0,3392.0,3819.0,0.38095238095238093,0.9069212410501193,0.8,0.25,976.0,419.0,368.0,3.0,36.0,12.0
433,2018-09-22 01:00:00,2234.0,4468.0,3737.0,0.37647058823529417,0.8700980392156863,0.8,0.24615384615384617,951.0,408.0,339.0,4.0,49.0,16.0
434,2018-09-22 02:00:00,1458.0,2916.0,3672.0,0.3555555555555555,0.9287469287469288,0.7272727272727273,0.23529411764705882,947.0,407.0,370.0,3.0,26.0,8.0
435,2018-09-22 03:00:00,1296.0,2592.0,3050.0,0.28571428571428575,0.8976608187134503,0.5833333333333334,0.1891891891891892,798.0,342.0,300.0,5.0,30.0,7.0
436,2018-09-22 04:00:00,974.0,1948.0,3024.0,0.5263157894736842,0.9181818181818182,1.0,0.35714285714285715,770.0,330.0,288.0,0.0,27.0,15.0
437,2018-09-22 05:00:00,674.0,1348.0,2629.0,0.2222222222222222,0.9490909090909091,1.0,0.125,641.0,275.0,259.0,0.0,14.0,2.0
438,2018-09-22 06:00:00,439.0,878.0,2682.0,0.22222222222222218,0.9201520912547528,0.75,0.13043478260869565,611.0,263.0,239.0,1.0,20.0,3.0
439,2018-09-22 07:00:00,299.0,598.0,2765.0,0.21052631578947367,0.9433962264150944,1.0,0.11764705882352941,616.0,265.0,248.0,0.0,15.0,2.0
440,2018-09-22 08:00:00,257.0,514.0,2476.0,0.0,0.9786324786324786,0.0,0.0,543.0,234.0,229.0,1.0,4.0,0.0
441,2018-09-22 09:00:00,250.0,500.0,2588.0,0.22222222222222224,0.9705882352941176,0.5,0.14285714285714285,554.0,238.0,230.0,1.0,6.0,1.0
442,2018-09-22 10:00:00,318.0,636.0,2622.0,0.15384615384615383,0.9541666666666667,0.25,0.1111111111111111,558.0,240.0,228.0,3.0,8.0,1.0
443,2018-09-22 11:00:00,445.0,890.0,2791.0,0.25,0.9562043795620438,0.6666666666666666,0.15384615384615385,639.0,274.0,260.0,1.0,11.0,2.0
444,2018-09-22 12:00:00,641.0,1282.0,3179.0,0.07407407407407407,0.9221183800623053,1.0,0.038461538461538464,747.0,321.0,295.0,0.0,25.0,1.0
445,2018-09-22 13:00:00,836.0,1672.0,3857.0,0.39285714285714285,0.9168704156479217,0.5789473684210527,0.2972972972972973,954.0,409.0,364.0,8.0,26.0,11.0
446,2018-09-22 14:00:00,837.0,1674.0,4063.0,0.4186046511627908,0.9444444444444444,0.75,0.2903225806451613,1047.0,450.0,416.0,3.0,22.0,9.0
447,2018-09-22 15:00:00,881.0,1762.0,4444.0,0.29411764705882354,0.950920245398773,0.625,0.19230769230769232,1140.0,489.0,460.0,3.0,21.0,5.0
448,2018-09-22 16:00:00,729.0,1458.0,4214.0,0.16666666666666669,0.9347826086956522,1.0,0.09090909090909091,1072.0,460.0,427.0,0.0,30.0,3.0
449,2018-09-22 17:00:00,744.0,1488.0,4267.0,0.18181818181818182,0.9418103448275862,0.3,0.13043478260869565,1080.0,464.0,434.0,7.0,20.0,3.0
450,2018-09-22 18:00:00,1127.0,2254.0,4115.0,0.40816326530612246,0.9375,0.6666666666666666,0.29411764705882354,1082.0,464.0,425.0,5.0,24.0,10.0
451,2018-09-22 19:00:00,839.0,1678.0,3964.0,0.3333333333333333,0.9366515837104072,0.7777777777777778,0.21212121212121213,1029.0,442.0,407.0,2.0,26.0,7.0
452,2018-09-22 20:00:00,695.0,1390.0,3711.0,0.35294117647058826,0.9473684210526315,1.0,0.21428571428571427,973.0,418.0,390.0,0.0,22.0,6.0
453,2018-09-22 21:00:00,670.0,1340.0,3769.0,0.2631578947368421,0.9317073170731708,0.8333333333333334,0.15625,954.0,410.0,377.0,1.0,27.0,5.0
454,2018-09-22 22:00:00,664.0,1328.0,3451.0,0.5769230769230769,0.9411764705882353,0.8823529411764706,0.42857142857142855,870.0,374.0,337.0,2.0,20.0,15.0
455,2018-09-22 23:00:00,523.0,1046.0,3373.0,0.4210526315789473,0.9701897018970189,0.8,0.2857142857142857,859.0,369.0,354.0,1.0,10.0,4.0
456,2018-09-23 00:00:00,525.0,1050.0,3340.0,0.375,0.973404255319149,0.75,0.25,876.0,376.0,363.0,1.0,9.0,3.0
457,2018-09-23 01:00:00,583.0,1166.0,3502.0,0.6666666666666666,0.9491094147582697,0.9090909090909091,0.5263157894736842,917.0,393.0,353.0,2.0,18.0,20.0
458,2018-09-23 02:00:00,554.0,1108.0,3449.0,0.42424242424242425,0.9491978609625669,1.0,0.2692307692307692,871.0,374.0,348.0,0.0,19.0,7.0
459,2018-09-23 03:00:00,523.0,1046.0,3165.0,0.18181818181818182,0.9490084985835694,0.6666666666666666,0.10526315789473684,822.0,353.0,333.0,1.0,17.0,2.0
460,2018-09-23 04:00:00,422.0,844.0,2996.0,0.1904761904761905,0.946031746031746,0.6666666666666666,0.1111111111111111,734.0,315.0,296.0,1.0,16.0,2.0
461,2018-09-23 05:00:00,289.0,578.0,2696.0,0.35294117647058826,0.9601449275362319,1.0,0.21428571428571427,644.0,276.0,262.0,0.0,11.0,3.0
462,2018-09-23 06:00:00,226.0,452.0,2423.0,0.0,0.9588477366255144,0.0,0.0,564.0,243.0,233.0,1.0,9.0,0.0
463,2018-09-23 07:00:00,225.0,450.0,2572.0,0.0,0.9591836734693877,0.0,0.0,570.0,245.0,235.0,0.0,10.0,0.0
464,2018-09-23 08:00:00,101.0,202.0,2506.0,0.0,0.9827586206896551,0.0,0.0,540.0,232.0,228.0,0.0,4.0,0.0
465,2018-09-23 09:00:00,93.0,186.0,2580.0,0.0,0.9791666666666666,0.0,0.0,558.0,240.0,235.0,0.0,5.0,0.0
466,2018-09-23 10:00:00,114.0,228.0,2636.0,0.0,0.9688715953307393,0.0,0.0,598.0,257.0,249.0,0.0,8.0,0.0
467,2018-09-23 11:00:00,213.0,426.0,2781.0,0.0,0.9637681159420289,0.0,0.0,641.0,276.0,266.0,2.0,8.0,0.0
468,2018-09-23 12:00:00,357.0,714.0,3020.0,0.33333333333333337,0.9361022364217252,1.0,0.2,730.0,313.0,288.0,0.0,20.0,5.0
469,2018-09-23 13:00:00,516.0,1032.0,3638.0,0.46153846153846156,0.9292929292929293,0.6666666666666666,0.35294117647058826,921.0,396.0,356.0,6.0,22.0,12.0
470,2018-09-23 14:00:00,603.0,1206.0,3925.0,0.23809523809523808,0.9254079254079254,0.7142857142857143,0.14285714285714285,1000.0,429.0,392.0,2.0,30.0,5.0
471,2018-09-23 15:00:00,571.0,1142.0,4172.0,0.20512820512820512,0.9315673289183223,0.8,0.11764705882352941,1054.0,453.0,418.0,1.0,30.0,4.0
472,2018-09-23 16:00:00,758.0,1516.0,4207.0,0.34615384615384615,0.9260869565217391,0.8181818181818182,0.21951219512195122,1073.0,460.0,417.0,2.0,32.0,9.0
473,2018-09-23 17:00:00,583.0,1166.0,4337.0,0.25641025641025644,0.9436893203883495,0.7142857142857143,0.15625,1200.0,515.0,481.0,2.0,27.0,5.0
474,2018-09-23 18:00:00,594.0,1188.0,4269.0,0.34146341463414637,0.9444444444444444,0.7777777777777778,0.21875,1132.0,486.0,452.0,2.0,25.0,7.0
475,2018-09-23 19:00:00,480.0,960.0,4424.0,0.21276595744680848,0.9273084479371316,0.4166666666666667,0.14285714285714285,1186.0,509.0,467.0,7.0,30.0,5.0
476,2018-09-23 20:00:00,456.0,912.0,4143.0,0.2631578947368421,0.9428571428571428,0.8333333333333334,0.15625,1141.0,490.0,457.0,1.0,27.0,5.0
477,2018-09-23 21:00:00,395.0,790.0,3950.0,0.11764705882352941,0.9328859060402684,1.0,0.0625,1041.0,447.0,415.0,0.0,30.0,2.0
478,2018-09-23 22:00:00,536.0,1072.0,3548.0,0.56,0.945679012345679,1.0,0.3888888888888889,945.0,405.0,369.0,0.0,22.0,14.0
479,2018-09-23 23:00:00,1296.0,2592.0,3658.0,0.3076923076923077,0.9136690647482014,0.7272727272727273,0.1951219512195122,973.0,417.0,373.0,3.0,33.0,8.0
480,2018-09-24 00:00:00,953.0,1906.0,3644.0,0.5,0.9566265060240964,0.9,0.34615384615384615,966.0,415.0,388.0,1.0,17.0,9.0
481,2018-09-24 01:00:00,1064.0,2128.0,3623.0,0.3636363636363636,0.933806146572104,0.8,0.23529411764705882,985.0,423.0,387.0,2.0,26.0,8.0
482,2018-09-24 02:00:00,926.0,1852.0,3599.0,0.358974358974359,0.9410377358490566,0.875,0.22580645161290322,987.0,424.0,392.0,1.0,24.0,7.0
483,2018-09-24 03:00:00,634.0,1268.0,3406.0,0.18181818181818182,0.9512195121951219,0.6666666666666666,0.10526315789473684,861.0,369.0,349.0,1.0,17.0,2.0
484,2018-09-24 04:00:00,647.0,1294.0,3032.0,0.30769230769230765,0.943217665615142,0.5,0.2222222222222222,739.0,317.0,295.0,4.0,14.0,4.0
485,2018-09-24 05:00:00,405.0,810.0,2389.0,0.10526315789473685,0.9317269076305221,0.1111111111111111,0.1,580.0,249.0,231.0,8.0,9.0,1.0
486,2018-09-24 06:00:00,376.0,752.0,2559.0,0.0,0.9673469387755103,0.0,0.0,570.0,245.0,237.0,0.0,8.0,0.0
487,2018-09-24 07:00:00,278.0,556.0,2577.0,0.0,0.941908713692946,0.0,0.0,560.0,241.0,227.0,1.0,13.0,0.0
488,2018-09-24 08:00:00,222.0,444.0,2370.0,0.0,0.9136363636363637,0.0,0.0,512.0,220.0,201.0,3.0,16.0,0.0
489,2018-09-24 09:00:00,200.0,400.0,2259.0,0.16666666666666669,0.9502487562189055,1.0,0.09090909090909091,468.0,201.0,190.0,0.0,10.0,1.0
490,2018-09-24 10:00:00,338.0,676.0,2743.0,0.23529411764705882,0.9482071713147411,1.0,0.13333333333333333,585.0,251.0,236.0,0.0,13.0,2.0
491,2018-09-24 11:00:00,321.0,642.0,3041.0,0.34782608695652173,0.9514563106796117,1.0,0.21052631578947367,721.0,309.0,290.0,0.0,15.0,4.0
492,2018-09-24 12:00:00,518.0,1036.0,3761.0,0.3448275862068966,0.951530612244898,1.0,0.20833333333333334,912.0,392.0,368.0,0.0,19.0,5.0
493,2018-09-24 13:00:00,1167.0,2334.0,4167.0,0.5490196078431372,0.9490022172949002,0.8235294117647058,0.4117647058823529,1052.0,451.0,414.0,3.0,20.0,14.0
494,2018-09-24 14:00:00,776.0,1552.0,4339.0,0.44000000000000006,0.9402985074626866,0.8461538461538461,0.2972972972972973,1093.0,469.0,430.0,2.0,26.0,11.0
495,2018-09-24 15:00:00,590.0,1180.0,4420.0,0.3529411764705882,0.9544513457556936,0.75,0.23076923076923078,1127.0,483.0,455.0,2.0,20.0,6.0
496,2018-09-24 16:00:00,682.0,1364.0,4538.0,0.20833333333333334,0.9262135922330097,0.7142857142857143,0.12195121951219512,1200.0,515.0,472.0,2.0,36.0,5.0
497,2018-09-24 17:00:00,558.0,1116.0,4442.0,0.3888888888888889,0.9558232931726908,0.875,0.25,1162.0,498.0,469.0,1.0,21.0,7.0
498,2018-09-24 18:00:00,500.0,1000.0,4351.0,0.14285714285714285,0.95,0.5,0.08333333333333333,1120.0,480.0,454.0,2.0,22.0,2.0
499,2018-09-24 19:00:00,366.0,732.0,4168.0,0.3333333333333333,0.9666666666666667,0.8,0.21052631578947367,1118.0,480.0,460.0,1.0,15.0,4.0
500,2018-09-24 20:00:00,309.0,618.0,4273.0,0.2857142857142857,0.9567099567099567,1.0,0.16666666666666666,1078.0,462.0,438.0,0.0,20.0,4.0
501,2018-09-24 21:00:00,325.0,650.0,3871.0,0.25,0.9584295612009238,0.6,0.15789473684210525,1010.0,433.0,412.0,2.0,16.0,3.0
502,2018-09-24 22:00:00,334.0,668.0,3887.0,0.2352941176470588,0.9392523364485982,0.8,0.13793103448275862,998.0,428.0,398.0,1.0,25.0,4.0
503,2018-09-24 23:00:00,446.0,892.0,3707.0,0.2285714285714286,0.9336609336609336,1.0,0.12903225806451613,948.0,407.0,376.0,0.0,27.0,4.0
504,2018-09-25 00:00:00,370.0,740.0,3834.0,0.2857142857142857,0.9657534246575342,1.0,0.16666666666666666,1021.0,438.0,420.0,0.0,15.0,3.0
505,2018-09-25 01:00:00,381.0,762.0,3969.0,0.4,0.9352051835853131,1.0,0.25,1079.0,463.0,423.0,0.0,30.0,10.0
506,2018-09-25 02:00:00,499.0,998.0,3880.0,0.08,0.9484304932735426,0.5,0.043478260869565216,1040.0,446.0,422.0,1.0,22.0,1.0
507,2018-09-25 03:00:00,557.0,1114.0,3562.0,0.46153846153846156,0.9638242894056848,0.8571428571428571,0.3157894736842105,902.0,387.0,367.0,1.0,13.0,6.0
508,2018-09-25 04:00:00,309.0,618.0,2958.0,0.1111111111111111,0.9490445859872612,1.0,0.058823529411764705,731.0,314.0,297.0,0.0,16.0,1.0
509,2018-09-25 05:00:00,148.0,296.0,2634.0,0.0,0.9774436090225563,0.0,0.0,619.0,266.0,260.0,0.0,6.0,0.0
510,2018-09-25 06:00:00,128.0,256.0,2432.0,0.0,0.9831223628691983,0.0,0.0,552.0,237.0,233.0,0.0,4.0,0.0
511,2018-09-25 07:00:00,134.0,268.0,2625.0,0.16666666666666669,0.9581589958158996,1.0,0.09090909090909091,556.0,239.0,228.0,0.0,10.0,1.0
512,2018-09-25 08:00:00,113.0,226.0,2269.0,0.0,0.9560975609756097,0.0,0.0,478.0,205.0,196.0,0.0,9.0,0.0
513,2018-09-25 09:00:00,122.0,244.0,2471.0,0.0,0.9910714285714286,0.0,0.0,521.0,224.0,222.0,0.0,2.0,0.0
514,2018-09-25 10:00:00,150.0,300.0,2877.0,0.19999999999999998,0.9696969696969697,1.0,0.1111111111111111,615.0,264.0,255.0,0.0,8.0,1.0
515,2018-09-25 11:00:00,219.0,438.0,3199.0,0.375,0.9685534591194969,1.0,0.23076923076923078,739.0,318.0,305.0,0.0,10.0,3.0
516,2018-09-25 12:00:00,422.0,844.0,3770.0,0.5454545454545454,0.9608355091383812,1.0,0.375,893.0,383.0,359.0,0.0,15.0,9.0
517,2018-09-25 13:00:00,974.0,1948.0,4161.0,0.5432098765432098,0.9170403587443946,0.9166666666666666,0.38596491228070173,1038.0,446.0,387.0,2.0,35.0,22.0
518,2018-09-25 14:00:00,682.0,1364.0,4362.0,0.43137254901960786,0.9386892177589852,0.7857142857142857,0.2972972972972973,1102.0,473.0,433.0,3.0,26.0,11.0
519,2018-09-25 15:00:00,829.0,1658.0,4384.0,0.32727272727272727,0.9225941422594143,0.75,0.20930232558139536,1113.0,478.0,432.0,3.0,34.0,9.0
520,2018-09-25 16:00:00,770.0,1540.0,4652.0,0.5079365079365079,0.9402697495183044,0.7272727272727273,0.3902439024390244,1208.0,519.0,472.0,6.0,25.0,16.0
521,2018-09-25 17:00:00,623.0,1246.0,4635.0,0.37499999999999994,0.9412915851272016,0.6923076923076923,0.2571428571428571,1192.0,511.0,472.0,4.0,26.0,9.0
522,2018-09-25 18:00:00,463.0,926.0,4519.0,0.6470588235294118,0.9757575757575757,1.0,0.4782608695652174,1152.0,495.0,472.0,0.0,12.0,11.0
523,2018-09-25 19:00:00,474.0,948.0,4382.0,0.3555555555555555,0.9416498993963782,0.8,0.22857142857142856,1159.0,497.0,460.0,2.0,27.0,8.0
524,2018-09-25 20:00:00,471.0,942.0,4440.0,0.2758620689655173,0.9578313253012049,1.0,0.16,1159.0,498.0,473.0,0.0,21.0,4.0
525,2018-09-25 21:00:00,443.0,886.0,4494.0,0.42857142857142855,0.9366336633663367,0.9230769230769231,0.27906976744186046,1178.0,505.0,461.0,1.0,31.0,12.0
526,2018-09-25 22:00:00,405.0,810.0,3969.0,0.6666666666666666,0.9631336405529954,0.9411764705882353,0.5161290322580645,1010.0,434.0,402.0,1.0,15.0,16.0
527,2018-09-25 23:00:00,405.0,810.0,4029.0,0.4761904761904761,0.9495412844036697,0.9090909090909091,0.3225806451612903,1017.0,436.0,404.0,1.0,21.0,10.0
528,2018-09-26 00:00:00,471.0,942.0,3857.0,0.489795918367347,0.9418604651162791,1.0,0.32432432432432434,1003.0,430.0,393.0,0.0,25.0,12.0
529,2018-09-26 01:00:00,470.0,940.0,4057.0,0.32258064516129037,0.9537444933920705,1.0,0.19230769230769232,1057.0,454.0,428.0,0.0,21.0,5.0
530,2018-09-26 02:00:00,430.0,860.0,3738.0,0.5490196078431372,0.9456264775413712,1.0,0.3783783783783784,986.0,423.0,386.0,0.0,23.0,14.0
531,2018-09-26 03:00:00,306.0,612.0,3321.0,0.5217391304347826,0.9706666666666667,1.0,0.35294117647058826,875.0,375.0,358.0,0.0,11.0,6.0
532,2018-09-26 04:00:00,267.0,534.0,3041.0,0.2727272727272727,0.9519519519519519,1.0,0.15789473684210525,777.0,333.0,314.0,0.0,16.0,3.0
533,2018-09-26 05:00:00,161.0,322.0,2732.0,0.3333333333333333,0.9703703703703703,0.6666666666666666,0.2222222222222222,629.0,270.0,260.0,1.0,7.0,2.0
534,2018-09-26 06:00:00,84.0,168.0,2492.0,0.0,0.9692982456140351,0.0,0.0,529.0,228.0,221.0,0.0,7.0,0.0
535,2018-09-26 07:00:00,76.0,152.0,2752.0,0.5714285714285715,0.9769230769230769,1.0,0.4,606.0,260.0,250.0,0.0,6.0,4.0
536,2018-09-26 08:00:00,64.0,128.0,2375.0,0.8,0.9953271028037384,1.0,0.6666666666666666,499.0,214.0,211.0,0.0,1.0,2.0
537,2018-09-26 09:00:00,118.0,236.0,2563.0,0.25,0.974025974025974,1.0,0.14285714285714285,538.0,231.0,224.0,0.0,6.0,1.0
538,2018-09-26 10:00:00,116.0,232.0,2901.0,0.0,0.9485294117647058,0.0,0.0,633.0,272.0,258.0,0.0,14.0,0.0
539,2018-09-26 11:00:00,259.0,518.0,3279.0,0.3157894736842105,0.9611940298507463,1.0,0.1875,780.0,335.0,319.0,0.0,13.0,3.0
540,2018-09-26 12:00:00,282.0,564.0,3790.0,0.4166666666666667,0.964735516372796,0.7142857142857143,0.29411764705882354,926.0,397.0,378.0,2.0,12.0,5.0
541,2018-09-26 13:00:00,401.0,802.0,4146.0,0.22727272727272727,0.9230769230769231,0.8333333333333334,0.13157894736842105,1029.0,442.0,403.0,1.0,33.0,5.0
542,2018-09-26 14:00:00,312.0,624.0,4472.0,0.46808510638297873,0.9486652977412731,1.0,0.3055555555555556,1135.0,487.0,451.0,0.0,25.0,11.0
543,2018-09-26 15:00:00,349.0,698.0,4684.0,0.26666666666666666,0.935546875,0.6,0.17142857142857143,1194.0,512.0,473.0,4.0,29.0,6.0
544,2018-09-26 16:00:00,438.0,876.0,4545.0,0.35714285714285715,0.9292730844793713,0.8333333333333334,0.22727272727272727,1185.0,509.0,463.0,2.0,34.0,10.0
545,2018-09-26 17:00:00,427.0,854.0,4679.0,0.48,0.9506641366223909,0.9230769230769231,0.32432432432432434,1227.0,527.0,489.0,1.0,25.0,12.0
546,2018-09-26 18:00:00,293.0,586.0,4527.0,0.18181818181818182,0.9465346534653465,0.75,0.10344827586206896,1178.0,505.0,475.0,1.0,26.0,3.0
547,2018-09-26 19:00:00,422.0,844.0,4572.0,0.5423728813559321,0.9468503937007874,0.8,0.41025641025641024,1183.0,508.0,465.0,4.0,23.0,16.0
548,2018-09-26 20:00:00,320.0,640.0,4393.0,0.358974358974359,0.9495967741935484,1.0,0.21875,1155.0,496.0,464.0,0.0,25.0,7.0
549,2018-09-26 21:00:00,246.0,492.0,4356.0,0.47058823529411764,0.9642147117296223,1.0,0.3076923076923077,1173.0,503.0,477.0,0.0,18.0,8.0
550,2018-09-26 22:00:00,217.0,434.0,3901.0,0.07692307692307691,0.9437939110070258,0.3333333333333333,0.043478260869565216,994.0,427.0,402.0,2.0,22.0,1.0
551,2018-09-26 23:00:00,370.0,740.0,3859.0,0.19354838709677416,0.9397590361445783,1.0,0.10714285714285714,966.0,415.0,387.0,0.0,25.0,3.0
552,2018-09-27 00:00:00,264.0,528.0,3644.0,0.17391304347826084,0.9530864197530864,1.0,0.09523809523809523,944.0,405.0,384.0,0.0,19.0,2.0
553,2018-09-27 01:00:00,323.0,646.0,3840.0,0.3846153846153846,0.9624413145539906,1.0,0.23809523809523808,992.0,426.0,405.0,0.0,16.0,5.0
554,2018-09-27 02:00:00,386.0,772.0,3744.0,0.24000000000000002,0.9565217391304348,1.0,0.13636363636363635,1018.0,437.0,415.0,0.0,19.0,3.0
555,2018-09-27 03:00:00,390.0,780.0,3463.0,0.2631578947368421,0.9285714285714286,0.625,0.16666666666666666,914.0,392.0,359.0,3.0,25.0,5.0
556,2018-09-27 04:00:00,277.0,554.0,3036.0,0.25,0.9636363636363636,0.5,0.16666666666666666,767.0,330.0,316.0,2.0,10.0,2.0
557,2018-09-27 05:00:00,165.0,330.0,2772.0,0.0,0.9518518518518518,0.0,0.0,628.0,270.0,257.0,0.0,13.0,0.0
558,2018-09-27 06:00:00,129.0,258.0,2553.0,0.0,0.979253112033195,0.0,0.0,560.0,241.0,236.0,0.0,5.0,0.0
559,2018-09-27 07:00:00,89.0,178.0,2702.0,0.5,0.9763779527559056,1.0,0.3333333333333333,592.0,254.0,245.0,0.0,6.0,3.0
560,2018-09-27 08:00:00,77.0,154.0,2253.0,0.6666666666666666,0.9951690821256038,1.0,0.5,480.0,207.0,205.0,0.0,1.0,1.0
561,2018-09-27 09:00:00,69.0,138.0,2658.0,0.0,0.9957805907172996,0.0,0.0,552.0,237.0,236.0,0.0,1.0,0.0
562,2018-09-27 10:00:00,157.0,314.0,2921.0,0.15384615384615383,0.9592592592592593,0.25,0.1111111111111111,628.0,270.0,258.0,3.0,8.0,1.0
563,2018-09-27 11:00:00,289.0,578.0,3208.0,0.1904761904761905,0.9455128205128205,1.0,0.10526315789473684,726.0,312.0,293.0,0.0,17.0,2.0
564,2018-09-27 12:00:00,269.0,538.0,3785.0,0.32,0.9561855670103093,0.6666666666666666,0.21052631578947367,905.0,388.0,367.0,2.0,15.0,4.0
565,2018-09-27 13:00:00,294.0,588.0,4045.0,0.41379310344827586,0.960919540229885,1.0,0.2608695652173913,1012.0,435.0,412.0,0.0,17.0,6.0
566,2018-09-27 14:00:00,202.0,404.0,4437.0,0.0,0.9791666666666666,0.0,0.0,1118.0,480.0,470.0,1.0,9.0,0.0
567,2018-09-27 15:00:00,229.0,458.0,4563.0,0.5333333333333333,0.9600760456273765,0.8571428571428571,0.3870967741935484,1225.0,526.0,493.0,2.0,19.0,12.0
568,2018-09-27 16:00:00,294.0,588.0,4811.0,0.2424242424242424,0.9532710280373832,1.0,0.13793103448275862,1248.0,535.0,506.0,0.0,25.0,4.0
569,2018-09-27 17:00:00,266.0,532.0,4753.0,0.35294117647058826,0.9592592592592593,1.0,0.21428571428571427,1260.0,540.0,512.0,0.0,22.0,6.0
570,2018-09-27 18:00:00,284.0,568.0,4727.0,0.2727272727272727,0.9706959706959707,1.0,0.15789473684210525,1272.0,546.0,527.0,0.0,16.0,3.0
571,2018-09-27 19:00:00,269.0,538.0,4743.0,0.09523809523809523,0.968595041322314,1.0,0.05,1410.0,605.0,585.0,0.0,19.0,1.0
572,2018-09-27 20:00:00,367.0,734.0,4668.0,0.1904761904761905,0.9715242881072027,1.0,0.10526315789473684,1393.0,597.0,578.0,0.0,17.0,2.0
573,2018-09-27 21:00:00,197.0,394.0,4402.0,0.0,0.9760147601476015,0.0,0.0,1264.0,542.0,529.0,1.0,12.0,0.0
574,2018-09-27 22:00:00,158.0,316.0,4149.0,0.08695652173913045,0.9573170731707317,1.0,0.045454545454545456,1145.0,492.0,470.0,0.0,21.0,1.0
575,2018-09-27 23:00:00,436.0,872.0,4057.0,0.35294117647058826,0.9531914893617022,0.8571428571428571,0.2222222222222222,1096.0,470.0,442.0,1.0,21.0,6.0
576,2018-09-28 00:00:00,295.0,590.0,3901.0,0.2727272727272727,0.9635535307517085,1.0,0.15789473684210525,1022.0,439.0,420.0,0.0,16.0,3.0
577,2018-09-28 01:00:00,267.0,534.0,4017.0,0.2666666666666667,0.9532908704883227,1.0,0.15384615384615385,1096.0,471.0,445.0,0.0,22.0,4.0
578,2018-09-28 02:00:00,364.0,728.0,3992.0,0.18181818181818182,0.9615384615384616,0.6666666666666666,0.10526315789473684,1089.0,468.0,448.0,1.0,17.0,2.0
579,2018-09-28 03:00:00,224.0,448.0,3598.0,0.0,0.9710843373493976,0.0,0.0,968.0,415.0,403.0,0.0,12.0,0.0
580,2018-09-28 04:00:00,112.0,224.0,3142.0,0.19999999999999998,0.9780821917808219,1.0,0.1111111111111111,850.0,365.0,356.0,0.0,8.0,1.0
581,2018-09-28 05:00:00,101.0,202.0,2971.0,0.375,0.9675324675324676,1.0,0.23076923076923078,717.0,308.0,295.0,0.0,10.0,3.0
582,2018-09-28 06:00:00,136.0,272.0,2695.0,0.6153846153846154,0.9814814814814815,0.8,0.5,628.0,270.0,261.0,1.0,4.0,4.0
583,2018-09-28 07:00:00,65.0,130.0,2777.0,0.6153846153846153,0.9814814814814815,1.0,0.4444444444444444,629.0,270.0,261.0,0.0,5.0,4.0
584,2018-09-28 08:00:00,51.0,102.0,2619.0,0.0,0.979253112033195,0.0,0.0,560.0,241.0,236.0,0.0,5.0,0.0
585,2018-09-28 09:00:00,40.0,80.0,2629.0,0.0,0.9802371541501976,0.0,0.0,590.0,253.0,248.0,0.0,5.0,0.0
586,2018-09-28 10:00:00,318.0,636.0,3074.0,0.28571428571428575,0.95,0.5,0.2,700.0,300.0,282.0,3.0,12.0,3.0
587,2018-09-28 11:00:00,280.0,560.0,3418.0,0.16666666666666666,0.9430199430199431,0.4,0.10526315789473684,818.0,351.0,329.0,3.0,17.0,2.0
588,2018-09-28 12:00:00,387.0,774.0,4065.0,0.16000000000000003,0.95,0.4,0.1,980.0,420.0,397.0,3.0,18.0,2.0
589,2018-09-28 13:00:00,686.0,1372.0,4231.0,0.1142857142857143,0.9358178053830227,0.5,0.06451612903225806,1127.0,483.0,450.0,2.0,29.0,2.0
590,2018-09-28 14:00:00,486.0,972.0,4723.0,0.18181818181818182,0.9509090909090909,0.6,0.10714285714285714,1281.0,550.0,520.0,2.0,25.0,3.0
591,2018-09-28 15:00:00,446.0,892.0,4960.0,0.45833333333333337,0.9533213644524237,0.8461538461538461,0.3142857142857143,1297.0,557.0,520.0,2.0,24.0,11.0
592,2018-09-28 16:00:00,411.0,822.0,4836.0,0.3,0.9496402877697842,0.5454545454545454,0.20689655172413793,1297.0,556.0,522.0,5.0,23.0,6.0
593,2018-09-28 17:00:00,478.0,956.0,4566.0,0.21739130434782608,0.9322033898305084,0.7142857142857143,0.1282051282051282,1239.0,531.0,490.0,2.0,34.0,5.0
594,2018-09-28 18:00:00,272.0,544.0,4394.0,0.3125,0.9573643410852714,0.5555555555555556,0.21739130434782608,1201.0,516.0,489.0,4.0,18.0,5.0
595,2018-09-28 19:00:00,268.0,536.0,4413.0,0.14285714285714285,0.951417004048583,0.6666666666666666,0.08,1152.0,494.0,468.0,1.0,23.0,2.0
596,2018-09-28 20:00:00,295.0,590.0,4259.0,0.5,0.9657387580299786,0.8888888888888888,0.34782608695652173,1089.0,467.0,443.0,1.0,15.0,8.0
597,2018-09-28 21:00:00,363.0,726.0,4089.0,0.3783783783783784,0.9490022172949002,0.7777777777777778,0.25,1052.0,451.0,421.0,2.0,21.0,7.0
598,2018-09-28 22:00:00,268.0,536.0,3876.0,0.09523809523809525,0.9539951573849879,0.5,0.05263157894736842,962.0,413.0,393.0,1.0,18.0,1.0
599,2018-09-28 23:00:00,214.0,428.0,3561.0,0.11764705882352941,0.9602122015915119,0.5,0.06666666666666667,879.0,377.0,361.0,1.0,14.0,1.0
600,2018-09-29 00:00:00,429.0,858.0,3632.0,0.4285714285714286,0.9396984924623115,0.9,0.28125,927.0,398.0,365.0,1.0,23.0,9.0
601,2018-09-29 01:00:00,293.0,586.0,3481.0,0.3,0.9623655913978495,1.0,0.17647058823529413,868.0,372.0,355.0,0.0,14.0,3.0
602,2018-09-29 02:00:00,250.0,500.0,3422.0,0.15384615384615383,0.9706666666666667,0.3333333333333333,0.1,873.0,375.0,363.0,2.0,9.0,1.0
603,2018-09-29 03:00:00,199.0,398.0,3175.0,0.0,0.96398891966759,0.0,0.0,841.0,361.0,348.0,0.0,13.0,0.0
604,2018-09-29 04:00:00,151.0,302.0,2926.0,0.18181818181818182,0.9698996655518395,1.0,0.1,697.0,299.0,289.0,0.0,9.0,1.0
605,2018-09-29 05:00:00,122.0,244.0,2723.0,0.16666666666666669,0.9629629629629629,1.0,0.09090909090909091,629.0,270.0,259.0,0.0,10.0,1.0
606,2018-09-29 06:00:00,132.0,264.0,2397.0,0.0,0.940677966101695,0.0,0.0,549.0,236.0,222.0,0.0,14.0,0.0
607,2018-09-29 07:00:00,107.0,214.0,2658.0,0.0,0.9807692307692307,0.0,0.0,604.0,260.0,255.0,0.0,5.0,0.0
608,2018-09-29 08:00:00,90.0,180.0,2558.0,0.0,0.9620253164556962,0.0,0.0,552.0,237.0,228.0,0.0,9.0,0.0
609,2018-09-29 09:00:00,75.0,150.0,2508.0,0.0,0.9839357429718876,0.0,0.0,578.0,249.0,245.0,0.0,4.0,0.0
610,2018-09-29 10:00:00,150.0,300.0,2719.0,0.0,0.9555555555555556,0.0,0.0,627.0,270.0,258.0,0.0,12.0,0.0
611,2018-09-29 11:00:00,142.0,284.0,2749.0,0.0,0.9459459459459459,0.0,0.0,603.0,259.0,245.0,0.0,14.0,0.0
612,2018-09-29 12:00:00,206.0,412.0,3284.0,0.25,0.9648093841642229,1.0,0.14285714285714285,793.0,341.0,327.0,0.0,12.0,2.0
613,2018-09-29 13:00:00,211.0,422.0,3673.0,0.14285714285714288,0.9697732997481109,1.0,0.07692307692307693,924.0,397.0,384.0,0.0,12.0,1.0
614,2018-09-29 14:00:00,103.0,206.0,3881.0,0.3636363636363636,0.9825,1.0,0.2222222222222222,933.0,400.0,391.0,0.0,7.0,2.0
615,2018-09-29 15:00:00,167.0,334.0,3760.0,0.14285714285714288,0.9708029197080292,1.0,0.07692307692307693,957.0,411.0,398.0,0.0,12.0,1.0
616,2018-09-29 16:00:00,227.0,454.0,4124.0,0.3157894736842105,0.9711111111111111,1.0,0.1875,1050.0,450.0,434.0,0.0,13.0,3.0
617,2018-09-29 17:00:00,339.0,678.0,4051.0,0.06060606060606061,0.9324618736383442,0.5,0.03225806451612903,1068.0,459.0,427.0,1.0,30.0,1.0
618,2018-09-29 18:00:00,356.0,712.0,4131.0,0.4,0.9673202614379085,0.7142857142857143,0.2777777777777778,1070.0,459.0,439.0,2.0,13.0,5.0
619,2018-09-29 19:00:00,250.0,500.0,4098.0,0.16666666666666669,0.954233409610984,1.0,0.09090909090909091,1018.0,437.0,415.0,0.0,20.0,2.0
620,2018-09-29 20:00:00,323.0,646.0,3909.0,0.1111111111111111,0.9615384615384616,1.0,0.058823529411764705,970.0,416.0,399.0,0.0,16.0,1.0
621,2018-09-29 21:00:00,408.0,816.0,3815.0,0.4444444444444445,0.9501246882793017,1.0,0.2857142857142857,934.0,401.0,373.0,0.0,20.0,8.0
622,2018-09-29 22:00:00,304.0,608.0,3616.0,0.375,0.9479166666666666,1.0,0.23076923076923078,893.0,384.0,358.0,0.0,20.0,6.0
623,2018-09-29 23:00:00,313.0,626.0,3514.0,0.24999999999999997,0.9547738693467337,0.75,0.15,927.0,398.0,377.0,1.0,17.0,3.0
624,2018-09-30 00:00:00,372.0,744.0,3534.0,0.15384615384615385,0.9181141439205955,0.5,0.09090909090909091,939.0,403.0,367.0,3.0,30.0,3.0
625,2018-09-30 01:00:00,299.0,598.0,3492.0,0.0,0.9526315789473684,0.0,0.0,884.0,380.0,362.0,5.0,13.0,0.0
626,2018-09-30 02:00:00,268.0,536.0,3543.0,0.21428571428571425,0.9416445623342176,1.0,0.12,878.0,377.0,352.0,0.0,22.0,3.0
627,2018-09-30 03:00:00,552.0,1104.0,3342.0,0.3809523809523809,0.9310344827586207,0.6666666666666666,0.26666666666666666,877.0,377.0,343.0,4.0,22.0,8.0
628,2018-09-30 04:00:00,525.0,1050.0,2951.0,0.1111111111111111,0.9501557632398754,0.3333333333333333,0.06666666666666667,748.0,321.0,304.0,2.0,14.0,1.0
629,2018-09-30 05:00:00,277.0,554.0,2668.0,0.16666666666666669,0.965034965034965,1.0,0.09090909090909091,665.0,286.0,275.0,0.0,10.0,1.0
630,2018-09-30 06:00:00,183.0,366.0,2566.0,0.4444444444444445,0.9813432835820896,1.0,0.2857142857142857,625.0,268.0,261.0,0.0,5.0,2.0
631,2018-09-30 07:00:00,124.0,248.0,2473.0,0.0,0.9704641350210971,0.0,0.0,550.0,237.0,230.0,0.0,7.0,0.0
632,2018-09-30 08:00:00,103.0,206.0,2326.0,0.0,0.986046511627907,0.0,0.0,501.0,215.0,212.0,0.0,3.0,0.0
633,2018-09-30 09:00:00,105.0,210.0,2343.0,0.0,0.9819819819819819,0.0,0.0,518.0,222.0,218.0,0.0,4.0,0.0
634,2018-09-30 10:00:00,136.0,272.0,2360.0,0.0,0.9684684684684685,0.0,0.0,515.0,222.0,215.0,0.0,7.0,0.0
635,2018-09-30 11:00:00,177.0,354.0,2671.0,0.5714285714285714,0.9776119402985075,0.8,0.4444444444444444,624.0,268.0,258.0,1.0,5.0,4.0
636,2018-09-30 12:00:00,275.0,550.0,3281.0,0.29629629629629634,0.9415384615384615,0.5714285714285714,0.2,757.0,325.0,302.0,3.0,16.0,4.0
637,2018-09-30 13:00:00,292.0,584.0,3485.0,0.2105263157894737,0.96,0.5,0.13333333333333333,872.0,375.0,358.0,2.0,13.0,2.0
638,2018-09-30 14:00:00,338.0,676.0,3786.0,0.2941176470588235,0.9411764705882353,0.7142857142857143,0.18518518518518517,950.0,408.0,379.0,2.0,22.0,5.0
639,2018-09-30 15:00:00,403.0,806.0,4125.0,0.23076923076923078,0.954954954954955,1.0,0.13043478260869565,1035.0,444.0,421.0,0.0,20.0,3.0
640,2018-09-30 16:00:00,688.0,1376.0,4156.0,0.14814814814814817,0.9507494646680942,0.5,0.08695652173913043,1087.0,467.0,442.0,2.0,21.0,2.0
641,2018-09-30 17:00:00,630.0,1260.0,4127.0,0.12121212121212122,0.9394572025052192,1.0,0.06451612903225806,1116.0,479.0,448.0,0.0,29.0,2.0
642,2018-09-30 18:00:00,446.0,892.0,4361.0,0.14285714285714285,0.9757085020242915,0.5,0.08333333333333333,1152.0,494.0,481.0,1.0,11.0,1.0
643,2018-09-30 19:00:00,366.0,732.0,4171.0,0.13333333333333333,0.9734151329243353,1.0,0.07142857142857142,1138.0,489.0,475.0,0.0,13.0,1.0
644,2018-09-30 20:00:00,478.0,956.0,4043.0,0.14285714285714285,0.9487179487179487,0.6666666666666666,0.08,1090.0,468.0,442.0,1.0,23.0,2.0
645,2018-09-30 21:00:00,388.0,776.0,3974.0,0.5581395348837209,0.9585152838427947,0.9230769230769231,0.4,1068.0,458.0,427.0,1.0,18.0,12.0
646,2018-09-30 22:00:00,1074.0,2148.0,3836.0,0.5116279069767441,0.9539473684210527,0.7333333333333333,0.39285714285714285,1062.0,456.0,424.0,4.0,17.0,11.0
647,2018-09-30 23:00:00,718.0,1436.0,3334.0,0.3333333333333333,0.9395465994962217,0.75,0.21428571428571427,926.0,397.0,367.0,2.0,22.0,6.0
648,2018-10-01 00:00:00,722.0,1444.0,3335.0,0.42424242424242425,0.9517766497461929,0.875,0.28,917.0,394.0,368.0,1.0,18.0,7.0
649,2018-10-01 01:00:00,485.0,970.0,3612.0,0.23076923076923073,0.949874686716792,0.6,0.14285714285714285,931.0,399.0,376.0,2.0,18.0,3.0
650,2018-10-01 02:00:00,464.0,928.0,3212.0,0.2727272727272727,0.956989247311828,1.0,0.15789473684210525,866.0,372.0,353.0,0.0,16.0,3.0
651,2018-10-01 03:00:00,405.0,810.0,3309.0,0.15384615384615385,0.9705882352941176,1.0,0.08333333333333333,872.0,374.0,362.0,0.0,11.0,1.0
652,2018-10-01 04:00:00,241.0,482.0,2816.0,0.0,0.9701986754966887,0.0,0.0,703.0,302.0,293.0,0.0,9.0,0.0
653,2018-10-01 05:00:00,170.0,340.0,2620.0,0.5454545454545454,0.9808429118773946,1.0,0.375,609.0,261.0,253.0,0.0,5.0,3.0
654,2018-10-01 06:00:00,117.0,234.0,2347.0,0.25,0.974025974025974,1.0,0.14285714285714285,537.0,231.0,224.0,0.0,6.0,1.0
655,2018-10-01 07:00:00,127.0,254.0,2650.0,0.8181818181818181,0.9841897233201581,1.0,0.6923076923076923,590.0,253.0,240.0,0.0,4.0,9.0
656,2018-10-01 08:00:00,85.0,170.0,2324.0,0.6666666666666666,0.985781990521327,1.0,0.5,491.0,211.0,205.0,0.0,3.0,3.0
657,2018-10-01 09:00:00,93.0,186.0,2489.0,0.6666666666666666,0.9826086956521739,1.0,0.5,534.0,230.0,222.0,0.0,4.0,4.0
658,2018-10-01 10:00:00,132.0,264.0,2754.0,0.4444444444444445,0.9811320754716981,1.0,0.2857142857142857,617.0,265.0,258.0,0.0,5.0,2.0
659,2018-10-01 11:00:00,189.0,378.0,3042.0,0.1111111111111111,0.9475409836065574,0.3333333333333333,0.06666666666666667,711.0,305.0,288.0,2.0,14.0,1.0
660,2018-10-01 12:00:00,331.0,662.0,3637.0,0.3157894736842105,0.9664948453608248,1.0,0.1875,903.0,388.0,372.0,0.0,13.0,3.0
661,2018-10-01 13:00:00,416.0,832.0,3937.0,0.4255319148936171,0.9384965831435079,1.0,0.2702702702702703,1024.0,439.0,402.0,0.0,27.0,10.0
662,2018-10-01 14:00:00,584.0,1168.0,4122.0,0.39130434782608703,0.9395248380129589,0.75,0.2647058823529412,1080.0,463.0,426.0,3.0,25.0,9.0
663,2018-10-01 15:00:00,1145.0,2290.0,4626.0,0.5,0.95,0.9285714285714286,0.34210526315789475,1211.0,520.0,481.0,1.0,25.0,13.0
664,2018-10-01 16:00:00,984.0,1968.0,4748.0,0.5909090909090909,0.9327102803738317,0.8387096774193549,0.45614035087719296,1247.0,535.0,473.0,5.0,31.0,26.0
665,2018-10-01 17:00:00,803.0,1606.0,4555.0,0.6410256410256411,0.9458413926499033,0.8928571428571429,0.5,1204.0,517.0,464.0,3.0,25.0,25.0
666,2018-10-01 18:00:00,693.0,1386.0,4206.0,0.1568627450980392,0.9106029106029107,0.4444444444444444,0.09523809523809523,1121.0,481.0,434.0,5.0,38.0,4.0
667,2018-10-01 19:00:00,959.0,1918.0,4513.0,0.55,0.9289940828402367,0.9166666666666666,0.39285714285714285,1180.0,507.0,449.0,2.0,34.0,22.0
668,2018-10-01 20:00:00,718.0,1436.0,4274.0,0.34615384615384615,0.9297520661157025,0.8181818181818182,0.21951219512195122,1128.0,484.0,441.0,2.0,32.0,9.0
669,2018-10-01 21:00:00,1087.0,2174.0,4370.0,0.5714285714285714,0.9513184584178499,0.8888888888888888,0.42105263157894735,1149.0,493.0,453.0,2.0,22.0,16.0
670,2018-10-01 22:00:00,936.0,1872.0,3935.0,0.35714285714285715,0.9174311926605505,0.8333333333333334,0.22727272727272727,1016.0,436.0,390.0,2.0,34.0,10.0
671,2018-10-01 23:00:00,1219.0,2438.0,3832.0,0.6233766233766234,0.9348314606741573,0.8571428571428571,0.4897959183673469,1036.0,445.0,392.0,4.0,25.0,24.0
672,2018-10-02 00:00:00,1009.0,2018.0,3731.0,0.463768115942029,0.91415313225058,0.8421052631578947,0.32,1005.0,431.0,378.0,3.0,34.0,16.0
673,2018-10-02 01:00:00,1109.0,2218.0,3784.0,0.392156862745098,0.9290617848970252,0.9090909090909091,0.25,1019.0,437.0,396.0,1.0,30.0,10.0
674,2018-10-02 02:00:00,2363.0,4726.0,3953.0,0.4067796610169491,0.9245689655172413,0.8571428571428571,0.26666666666666666,1080.0,464.0,417.0,2.0,33.0,12.0
675,2018-10-02 03:00:00,1225.0,2450.0,3530.0,0.26666666666666666,0.9444444444444444,0.6666666666666666,0.16666666666666666,923.0,396.0,370.0,2.0,20.0,4.0
676,2018-10-02 04:00:00,812.0,1624.0,2911.0,0.2,0.9483870967741935,0.5,0.125,723.0,310.0,292.0,2.0,14.0,2.0
677,2018-10-02 05:00:00,515.0,1030.0,2634.0,0.0,0.9438202247191011,0.0,0.0,623.0,267.0,252.0,0.0,15.0,0.0
678,2018-10-02 06:00:00,388.0,776.0,2447.0,0.16666666666666669,0.9586776859504132,1.0,0.09090909090909091,562.0,242.0,231.0,0.0,10.0,1.0
679,2018-10-02 07:00:00,291.0,582.0,2605.0,0.56,0.9543568464730291,0.875,0.4117647058823529,560.0,241.0,223.0,1.0,10.0,7.0
680,2018-10-02 08:00:00,234.0,468.0,2480.0,0.5,0.9812206572769953,1.0,0.3333333333333333,496.0,213.0,207.0,0.0,4.0,2.0
681,2018-10-02 09:00:00,310.0,620.0,2469.0,0.2222222222222222,0.9681818181818181,1.0,0.125,513.0,220.0,212.0,0.0,7.0,1.0
682,2018-10-02 10:00:00,513.0,1026.0,2849.0,0.3636363636363636,0.9467680608365019,0.8,0.23529411764705882,613.0,263.0,245.0,1.0,13.0,4.0
683,2018-10-02 11:00:00,514.0,1028.0,3241.0,0.2608695652173913,0.9444444444444444,1.0,0.15,713.0,306.0,286.0,0.0,17.0,3.0
684,2018-10-02 12:00:00,574.0,1148.0,3501.0,0.3333333333333333,0.9562841530054644,0.8,0.21052631578947367,853.0,366.0,346.0,1.0,15.0,4.0
685,2018-10-02 13:00:00,663.0,1326.0,4026.0,0.18181818181818182,0.9384965831435079,0.6,0.10714285714285714,1024.0,439.0,409.0,2.0,25.0,3.0
686,2018-10-02 14:00:00,786.0,1572.0,4461.0,0.4067796610169491,0.9290060851926978,0.8,0.2727272727272727,1149.0,493.0,446.0,3.0,32.0,12.0
687,2018-10-02 15:00:00,650.0,1300.0,4385.0,0.3,0.9409282700421941,1.0,0.17647058823529413,1103.0,474.0,440.0,0.0,28.0,6.0
688,2018-10-02 16:00:00,718.0,1436.0,4785.0,0.29508196721311475,0.916988416988417,0.6428571428571429,0.19148936170212766,1206.0,518.0,466.0,5.0,38.0,9.0
689,2018-10-02 17:00:00,1073.0,2146.0,4545.0,0.34285714285714286,0.9085487077534792,0.631578947368421,0.23529411764705882,1173.0,503.0,445.0,7.0,39.0,12.0
690,2018-10-02 18:00:00,831.0,1662.0,4513.0,0.36,0.9362549800796812,0.6428571428571429,0.25,1169.0,502.0,461.0,5.0,27.0,9.0
691,2018-10-02 19:00:00,673.0,1346.0,4290.0,0.3404255319148936,0.9363449691991786,0.7272727272727273,0.2222222222222222,1134.0,487.0,448.0,3.0,28.0,8.0
692,2018-10-02 20:00:00,568.0,1136.0,4386.0,0.23076923076923078,0.9590163934426229,1.0,0.13043478260869565,1137.0,488.0,465.0,0.0,20.0,3.0
693,2018-10-02 21:00:00,591.0,1182.0,4241.0,0.1,0.9617021276595744,1.0,0.05263157894736842,1095.0,470.0,451.0,0.0,18.0,1.0
694,2018-10-02 22:00:00,509.0,1018.0,3831.0,0.3846153846153846,0.9627039627039627,0.7142857142857143,0.2631578947368421,998.0,429.0,408.0,2.0,14.0,5.0
695,2018-10-02 23:00:00,533.0,1066.0,3895.0,0.24242424242424246,0.9418604651162791,0.5714285714285714,0.15384615384615385,1002.0,430.0,401.0,3.0,22.0,4.0
696,2018-10-03 00:00:00,646.0,1292.0,3748.0,0.19354838709677416,0.9388753056234719,0.75,0.1111111111111111,953.0,409.0,381.0,1.0,24.0,3.0
697,2018-10-03 01:00:00,525.0,1050.0,3795.0,0.30000000000000004,0.9376391982182628,0.8571428571428571,0.18181818181818182,1047.0,449.0,415.0,1.0,27.0,6.0
698,2018-10-03 02:00:00,759.0,1518.0,3817.0,0.45161290322580644,0.9621380846325167,1.0,0.2916666666666667,1046.0,449.0,425.0,0.0,17.0,7.0
699,2018-10-03 03:00:00,790.0,1580.0,3463.0,0.2666666666666667,0.945273631840796,1.0,0.15384615384615385,935.0,402.0,376.0,0.0,22.0,4.0
700,2018-10-03 04:00:00,472.0,944.0,3049.0,0.30303030303030304,0.9323529411764706,0.4166666666666667,0.23809523809523808,791.0,340.0,312.0,7.0,16.0,5.0
701,2018-10-03 05:00:00,271.0,542.0,2838.0,0.11764705882352941,0.9489795918367347,0.5,0.06666666666666667,686.0,294.0,278.0,1.0,14.0,1.0
702,2018-10-03 06:00:00,141.0,282.0,2677.0,0.28571428571428575,0.979757085020243,0.5,0.2,574.0,247.0,241.0,1.0,4.0,1.0
703,2018-10-03 07:00:00,112.0,224.0,2760.0,0.0,0.9844961240310077,0.0,0.0,602.0,258.0,254.0,0.0,4.0,0.0
704,2018-10-03 08:00:00,98.0,196.0,2493.0,0.0,0.9437229437229437,0.0,0.0,537.0,231.0,218.0,1.0,12.0,0.0
705,2018-10-03 09:00:00,113.0,226.0,2558.0,0.0,0.9224137931034483,0.0,0.0,540.0,232.0,214.0,0.0,18.0,0.0
706,2018-10-03 10:00:00,219.0,438.0,2851.0,0.18181818181818182,0.9671532846715328,1.0,0.1,638.0,274.0,264.0,0.0,9.0,1.0
707,2018-10-03 11:00:00,239.0,478.0,3307.0,0.33333333333333337,0.9759036144578314,1.0,0.2,772.0,332.0,322.0,0.0,8.0,2.0
708,2018-10-03 12:00:00,252.0,504.0,3552.0,0.0,0.9735449735449735,0.0,0.0,881.0,378.0,368.0,0.0,10.0,0.0
709,2018-10-03 13:00:00,346.0,692.0,4318.0,0.3225806451612903,0.9533333333333334,0.8333333333333334,0.2,1047.0,450.0,424.0,1.0,20.0,5.0
710,2018-10-03 14:00:00,554.0,1108.0,4301.0,0.3783783783783784,0.9523809523809523,0.7777777777777778,0.25,1126.0,483.0,453.0,2.0,21.0,7.0
711,2018-10-03 15:00:00,796.0,1592.0,4431.0,0.0,0.9474747474747475,0.0,0.0,1152.0,495.0,469.0,3.0,23.0,0.0
712,2018-10-03 16:00:00,870.0,1740.0,4502.0,0.45000000000000007,0.955193482688391,1.0,0.2903225806451613,1145.0,491.0,460.0,0.0,22.0,9.0
713,2018-10-03 17:00:00,526.0,1052.0,4582.0,0.4545454545454545,0.9530332681017613,0.7142857142857143,0.3333333333333333,1190.0,511.0,477.0,4.0,20.0,10.0
714,2018-10-03 18:00:00,411.0,822.0,4765.0,0.4615384615384615,0.9630931458699473,0.9,0.3103448275862069,1325.0,569.0,539.0,1.0,20.0,9.0
715,2018-10-03 19:00:00,339.0,678.0,4409.0,0.2857142857142857,0.9599198396793587,0.5714285714285714,0.19047619047619047,1164.0,499.0,475.0,3.0,17.0,4.0
716,2018-10-03 20:00:00,349.0,698.0,4591.0,0.4651162790697674,0.9560229445506692,0.9090909090909091,0.3125,1220.0,523.0,490.0,1.0,22.0,10.0
717,2018-10-03 21:00:00,442.0,884.0,4147.0,0.2777777777777778,0.9452631578947368,0.8333333333333334,0.16666666666666666,1107.0,475.0,444.0,1.0,25.0,5.0
718,2018-10-03 22:00:00,405.0,810.0,4120.0,0.5128205128205129,0.9569160997732427,0.9090909090909091,0.35714285714285715,1028.0,441.0,412.0,1.0,18.0,10.0
719,2018-10-03 23:00:00,497.0,994.0,3822.0,0.5,0.930715935334873,0.7142857142857143,0.38461538461538464,1008.0,433.0,388.0,6.0,24.0,15.0
